Asset,Time Period,Length of Return,Candle Pattern,Value,Avg % Return Following Pattern,Avg % Return In General,Avg Volume Following Pattern,Avg Volume In General,p-value Returns,p-value Volume,Occurrences
SPY,5y,1,Two Crows,100,,0.8339,,82110944,,,0
SPY,5y,1,Three Black Crows,100,,0.8339,,82110944,,,0
SPY,5y,1,Three Inside Up/Down,-100,0.0987,0.0684,97605780.0,81504544,0.94,0.17,15
SPY,5y,1,Three Inside Up/Down,100,0.1043,0.0659,68669017.0,81848265,0.87,0.18,12
SPY,5y,1,Three-Line Strike,-100,2.5697,0.0635,93168200.0,81728497,1.0,1.0,1
SPY,5y,1,Three-Line Strike,-200,,0.0617,,81761916,,,0
SPY,5y,1,Three-Line Strike,100,0.1904,0.0609,62040400.0,81763310,1.0,1.0,1
SPY,5y,1,Three-Line Strike,200,,0.0617,,81761916,,,0
SPY,5y,1,Three Outside Up/Down,-100,0.5047,0.0493,94727438.0,81472650,0.02,0.29,21
SPY,5y,1,Three Outside Up/Down,100,-0.2983,0.0618,81668265.0,81835407,0.07,0.98,20
SPY,5y,1,Three Stars In The South,100,,0.0617,,81761916,,,0
SPY,5y,1,Three Advancing White Soldiers,100,0.3706,0.0618,75674700.0,81783540,0.45,0.81,4
SPY,5y,1,Abandoned Baby,-100,,0.0617,,81761916,,,0
SPY,5y,1,Abandoned Baby,100,,0.0617,,81761916,,,0
SPY,5y,1,Advance Block,100,,0.0617,,81761916,,,0
SPY,5y,1,Belt-hold,-100,0.1314,0.0666,84464934.0,81536344,0.64,0.45,79
SPY,5y,1,Belt-hold,100,0.2571,0.0666,73955627.0,82236586,0.14,0.02,108
SPY,5y,1,Breakaway,-100,0.6341,0.0611,61595400.0,81745544,1.0,1.0,1
SPY,5y,1,Breakaway,100,,0.0617,,81761916,,,0
SPY,5y,1,Closing Marubozu,-100,0.2852,0.046,102801452.0,80027894,0.36,0.0,73
SPY,5y,1,Closing Marubozu,100,0.1523,0.0685,79491150.0,81638412,0.46,0.53,143
SPY,5y,1,Concealing Baby Swallow,100,,0.0617,,81761916,,,0
SPY,5y,1,Counterattack,-100,0.6788,0.0588,113219100.0,81739871,0.6,0.75,2
SPY,5y,1,Counterattack,100,-0.4834,0.0632,81719425.0,81786823,0.06,1.0,4
SPY,5y,1,Dark Cloud Cover,100,,0.0617,,81761916,,,0
SPY,5y,1,Doji,100,-0.0118,0.0456,78649997.0,82387869,0.57,0.3,162
SPY,5y,1,Doji Star,-100,0.3032,0.0609,64271932.0,82125308,0.23,0.01,19
SPY,5y,1,Doji Star,100,0.0303,0.0623,77797988.0,81751397,0.88,0.51,16
SPY,5y,1,Dragonfly Doji,100,0.0784,0.0585,61227650.0,82033326,0.9,0.0,24
SPY,5y,1,Engulfing Pattern,-100,0.4625,0.0627,78629460.0,81686114,0.08,0.59,50
SPY,5y,1,Engulfing Pattern,100,0.1961,0.0663,79891595.0,81920727,0.61,0.68,39
SPY,5y,1,Evening Doji Star,100,,0.0617,,81761916,,,0
SPY,5y,1,Evening Star,100,,0.0617,,81761916,,,0
SPY,5y,1,Up/Down-gap side-by-side white lines,-100,,0.0617,,81761916,,,0
SPY,5y,1,Up/Down-gap side-by-side white lines,100,0.0549,0.0637,86428875.0,81796255,0.98,0.79,4
SPY,5y,1,Gravestone Doji,100,-0.1282,0.0614,82034507.0,81692244,0.67,0.98,15
SPY,5y,1,Hammer,100,-0.1461,0.056,72451247.0,81891440,0.43,0.16,17
SPY,5y,1,Hanging Man,100,,0.0617,,81761916,,,0
SPY,5y,1,Harami Pattern,-100,-0.0458,0.0682,84963538.0,81725800,0.57,0.6,52
SPY,5y,1,Harami Pattern,100,0.2325,0.0565,77398633.0,82014046,0.4,0.44,39
SPY,5y,1,Harami Cross Pattern,100,0.075,0.0608,80548183.0,81911874,0.98,0.89,12
SPY,5y,1,High-Wave Candle,100,-0.265,0.0561,91326294.0,81286499,0.06,0.13,77
SPY,5y,1,Hikkake Pattern,-100,0.0056,0.0554,73322346.0,82355107,0.76,0.1,50
SPY,5y,1,Hikkake Pattern,-200,-0.5313,0.0559,107614525.0,81708641,0.22,0.0,8
SPY,5y,1,Hikkake Pattern,100,0.0579,0.069,89272866.0,81462661,0.98,0.39,38
SPY,5y,1,Hikkake Pattern,200,0.1289,0.0595,64984477.0,81893232,0.78,0.02,13
SPY,5y,1,Modified Hikkake Pattern,-100,-0.1455,0.0609,103679700.0,81749643,1.0,1.0,1
SPY,5y,1,Modified Hikkake Pattern,-200,,0.0617,,81761916,,,0
SPY,5y,1,Modified Hikkake Pattern,100,,0.0617,,81761916,,,0
SPY,5y,1,Modified Hikkake Pattern,200,,0.0617,,81761916,,,0
SPY,5y,1,Homing Pigeon,100,0.1831,0.0599,72748994.0,81865427,0.67,0.28,16
SPY,5y,1,Identical Three Crows,100,,0.0617,,81761916,,,0
SPY,5y,1,In-Neck Pattern,-100,-0.39,0.0618,80721475.0,81770764,0.13,0.93,4
SPY,5y,1,In-Neck Pattern,100,,0.0617,,81761916,,,0
SPY,5y,1,Inverted Hammer,100,0.3419,0.0533,84102242.0,81727819,0.32,0.77,26
SPY,5y,1,Kicking,-100,,0.0617,,81761916,,,0
SPY,5y,1,Kicking,100,,0.0617,,81761916,,,0
SPY,5y,1,Kicking - bull/bear determined by the longer marubozu,-100,,0.0617,,81761916,,,0
SPY,5y,1,Kicking - bull/bear determined by the longer marubozu,100,,0.0617,,81761916,,,0
SPY,5y,1,Ladder Bottom,100,-1.1378,0.064,94804700.0,81717621,0.42,0.57,2
SPY,5y,1,Long Legged Doji,100,-0.0118,0.0456,78649997.0,82387869,0.57,0.3,162
SPY,5y,1,Long Line Candle,-100,0.2518,0.0578,90128386.0,80735962,0.21,0.04,100
SPY,5y,1,Long Line Candle,-200,,0.0617,,81761916,,,0
SPY,5y,1,Long Line Candle,100,0.1147,0.0631,74098529.0,82586899,0.6,0.0,171
SPY,5y,1,Long Line Candle,200,,0.0617,,81761916,,,0
SPY,5y,1,Marubozu,-100,0.7104,0.058,94625268.0,81398442,0.02,0.16,22
SPY,5y,1,Marubozu,-200,,0.0617,,81761916,,,0
SPY,5y,1,Marubozu,100,0.4606,0.0663,78222124.0,81758514,0.11,0.57,46
SPY,5y,1,Marubozu,200,,0.0617,,81761916,,,0
SPY,5y,1,Matching Low,100,0.0547,0.0577,67932293.0,81968748,0.99,0.11,14
SPY,5y,1,Mat Hold,-100,,0.0617,,81761916,,,0
SPY,5y,1,Mat Hold,100,,0.0617,,81761916,,,0
SPY,5y,1,Morning Doji Star,100,-0.5083,0.0623,97588600.0,81754811,1.0,1.0,1
SPY,5y,1,Morning Star,100,0.6422,0.0615,109040900.0,81630356,0.6,0.42,6
SPY,5y,1,On-Neck Pattern,-100,-0.4003,0.0591,62624900.0,81790386,0.25,0.03,3
SPY,5y,1,On-Neck Pattern,100,,0.0617,,81761916,,,0
SPY,5y,1,Piercing Pattern,100,0.4739,0.0587,91728162.0,81615232,0.35,0.43,8
SPY,5y,1,Rickshaw Man,100,0.031,0.0518,78237086.0,82348972,0.85,0.28,118
SPY,5y,1,Rising/Falling Three Methods,-100,,0.0617,,81761916,,,0
SPY,5y,1,Rising/Falling Three Methods,100,,0.0617,,81761916,,,0
SPY,5y,1,Separating Lines,-100,2.6811,0.0623,116990800.0,81695825,1.0,1.0,1
SPY,5y,1,Separating Lines,100,-0.0185,0.0619,75217850.0,81778114,0.9,0.82,2
SPY,5y,1,Shooting Star,100,,0.0617,,81761916,,,0
SPY,5y,1,Short Line Candle,100,0.0021,0.0744,72399463.0,82949565,0.54,0.0,96
SPY,5y,1,Spinning Top,100,-0.1591,0.0484,85313545.0,81577506,0.11,0.41,127
SPY,5y,1,Stalled Pattern,100,,0.0617,,81761916,,,0
SPY,5y,1,Stick Sandwich,100,1.0625,0.0627,116513950.0,81736953,0.29,0.0,2
SPY,5y,1,Takuri (Dragonfly Doji with very long lower shadow),100,0.0756,0.0583,61739491.0,82010349,0.91,0.0,23
SPY,5y,1,Tasuki Gap,-100,1.0211,0.0622,57550400.0,81760649,1.0,1.0,1
SPY,5y,1,Tasuki Gap,100,0.2061,0.0584,73375488.0,81788819,0.64,0.2,8
SPY,5y,1,Thrusting Pattern,-100,-0.2475,0.0639,91592110.0,81717281,0.42,0.45,10
SPY,5y,1,Thrusting Pattern,100,,0.0617,,81761916,,,0
SPY,5y,1,Tristar Pattern,-100,-0.0703,0.0616,63146000.0,81777559,1.0,1.0,1
SPY,5y,1,Tristar Pattern,100,-0.2206,0.0615,38428600.0,81789748,1.0,1.0,1
SPY,5y,1,Unique 3 River,100,-0.3969,0.0613,82096000.0,81784879,1.0,1.0,1
SPY,5y,1,Upside Gap Two Crows,100,,0.0617,,81761916,,,0
SPY,5y,1,Upside/Downside Gap Three Methods,-100,0.239,0.0577,80771900.0,81717459,0.68,0.95,4
SPY,5y,1,Upside/Downside Gap Three Methods,100,0.6562,0.0615,107682400.0,81731989,1.0,1.0,1
SPY,5y,2,Two Crows,100,,0.0617,,81761916,,,0
SPY,5y,2,Three Black Crows,100,,0.0617,,81761916,,,0
SPY,5y,2,Three Inside Up/Down,-100,0.454,0.1286,95766457.0,81579941,0.58,0.13,15
SPY,5y,2,Three Inside Up/Down,100,0.2838,0.1262,71193767.0,81910739,0.73,0.23,12
SPY,5y,2,Three-Line Strike,-100,3.7447,0.1222,95165550.0,81782741,1.0,1.0,1
SPY,5y,2,Three-Line Strike,-200,,0.1224,,81803975,,,0
SPY,5y,2,Three-Line Strike,100,-0.0958,0.1215,58665950.0,81812563,1.0,1.0,1
SPY,5y,2,Three-Line Strike,200,,0.1224,,81803975,,,0
SPY,5y,2,Three Outside Up/Down,-100,1.0667,0.1024,94962607.0,81549707,0.06,0.24,21
SPY,5y,2,Three Outside Up/Down,100,-0.4473,0.1284,78379920.0,81842188,0.08,0.54,20
SPY,5y,2,Three Stars In The South,100,,0.1224,,81803975,,,0
SPY,5y,2,Three Advancing White Soldiers,100,0.0155,0.1216,70587100.0,81824654,0.67,0.46,4
SPY,5y,2,Abandoned Baby,-100,,0.1224,,81803975,,,0
SPY,5y,2,Abandoned Baby,100,,0.1224,,81803975,,,0
SPY,5y,2,Advance Block,100,,0.1224,,81803975,,,0
SPY,5y,2,Belt-hold,-100,0.2751,0.1225,83802036.0,81603203,0.41,0.52,79
SPY,5y,2,Belt-hold,100,0.2485,0.1088,74296655.0,82412668,0.39,0.02,108
SPY,5y,2,Breakaway,-100,2.0796,0.1214,72338650.0,81803851,1.0,1.0,1
SPY,5y,2,Breakaway,100,,0.1224,,81803975,,,0
SPY,5y,2,Closing Marubozu,-100,0.3328,0.0928,101196257.0,80289678,0.36,0.0,73
SPY,5y,2,Closing Marubozu,100,-0.0374,0.1174,80382744.0,81893447,0.33,0.66,143
SPY,5y,2,Concealing Baby Swallow,100,,0.1224,,81803975,,,0
SPY,5y,2,Counterattack,-100,0.1957,0.1185,93865275.0,81767925,0.88,0.87,2
SPY,5y,2,Counterattack,100,-0.3359,0.1256,81122238.0,81816641,0.58,0.96,4
SPY,5y,2,Dark Cloud Cover,100,,0.1224,,81803975,,,0
SPY,5y,2,Doji,100,0.0294,0.117,79206053.0,82353873,0.6,0.35,162
SPY,5y,2,Doji Star,-100,0.4687,0.1179,65522058.0,82120785,0.12,0.0,19
SPY,5y,2,Doji Star,100,-0.0061,0.1234,80634372.0,81824828,0.64,0.84,16
SPY,5y,2,Dragonfly Doji,100,-0.2236,0.1189,66163762.0,82140618,0.31,0.0,24
SPY,5y,2,Engulfing Pattern,-100,0.8895,0.1068,77964591.0,81832721,0.01,0.5,50
SPY,5y,2,Engulfing Pattern,100,0.086,0.1226,81708942.0,81914762,0.92,0.97,39
SPY,5y,2,Evening Doji Star,100,,0.1224,,81803975,,,0
SPY,5y,2,Evening Star,100,,0.1224,,81803975,,,0
SPY,5y,2,Up/Down-gap side-by-side white lines,-100,,0.1224,,81803975,,,0
SPY,5y,2,Up/Down-gap side-by-side white lines,100,-0.0358,0.1244,84946250.0,81813837,0.82,0.85,4
SPY,5y,2,Gravestone Doji,100,-0.5027,0.1244,93405200.0,81767972,0.57,0.51,15
SPY,5y,2,Hammer,100,0.0422,0.1195,73766732.0,81933241,0.81,0.19,17
SPY,5y,2,Hanging Man,100,,0.1224,,81803975,,,0
SPY,5y,2,Harami Pattern,-100,-0.0925,0.1335,83338843.0,81718581,0.41,0.77,52
SPY,5y,2,Harami Pattern,100,0.2452,0.1117,76429090.0,82001405,0.62,0.3,39
SPY,5y,2,Harami Cross Pattern,100,0.4512,0.1213,79270171.0,81885274,0.62,0.77,12
SPY,5y,2,High-Wave Candle,100,-0.01,0.1381,87968738.0,81256489,0.54,0.25,77
SPY,5y,2,Hikkake Pattern,-100,0.1377,0.1184,74145819.0,82277510,0.92,0.1,50
SPY,5y,2,Hikkake Pattern,-200,0.8663,0.1204,96402306.0,81694725,0.32,0.19,8
SPY,5y,2,Hikkake Pattern,100,0.2973,0.1298,88672980.0,81538371,0.65,0.41,38
SPY,5y,2,Hikkake Pattern,200,-0.1492,0.1195,69586404.0,81957860,0.59,0.1,13
SPY,5y,2,Modified Hikkake Pattern,-100,-0.1049,0.1218,82212550.0,81789135,1.0,1.0,1
SPY,5y,2,Modified Hikkake Pattern,-200,,0.1224,,81803975,,,0
SPY,5y,2,Modified Hikkake Pattern,100,,0.1224,,81803975,,,0
SPY,5y,2,Modified Hikkake Pattern,200,,0.1224,,81803975,,,0
SPY,5y,2,Homing Pigeon,100,0.3737,0.119,72437738.0,81914463,0.58,0.19,16
SPY,5y,2,Identical Three Crows,100,,0.1224,,81803975,,,0
SPY,5y,2,In-Neck Pattern,-100,-0.9544,0.124,83317262.0,81810199,0.19,0.9,4
SPY,5y,2,In-Neck Pattern,100,,0.1224,,81803975,,,0
SPY,5y,2,Inverted Hammer,100,0.0153,0.108,87198006.0,81763067,0.89,0.6,26
SPY,5y,2,Kicking,-100,,0.1224,,81803975,,,0
SPY,5y,2,Kicking,100,,0.1224,,81803975,,,0
SPY,5y,2,Kicking - bull/bear determined by the longer marubozu,-100,,0.1224,,81803975,,,0
SPY,5y,2,Kicking - bull/bear determined by the longer marubozu,100,,0.1224,,81803975,,,0
SPY,5y,2,Ladder Bottom,100,2.8686,0.1266,101969275.0,81771476,0.13,0.23,2
SPY,5y,2,Long Legged Doji,100,0.0294,0.117,79206053.0,82353873,0.6,0.35,162
SPY,5y,2,Long Line Candle,-100,0.4746,0.102,89417264.0,80932321,0.05,0.07,100
SPY,5y,2,Long Line Candle,-200,,0.1224,,81803975,,,0
SPY,5y,2,Long Line Candle,100,0.1812,0.1153,74611982.0,82827364,0.6,0.0,171
SPY,5y,2,Long Line Candle,200,,0.1224,,81803975,,,0
SPY,5y,2,Marubozu,-100,0.6478,0.1072,93303107.0,81508176,0.15,0.15,22
SPY,5y,2,Marubozu,-200,,0.1224,,81803975,,,0
SPY,5y,2,Marubozu,100,0.328,0.1118,78662222.0,81871157,0.43,0.61,46
SPY,5y,2,Marubozu,200,,0.1224,,81803975,,,0
SPY,5y,2,Matching Low,100,-0.084,0.1185,64575343.0,81985893,0.41,0.0,14
SPY,5y,2,Mat Hold,-100,,0.1224,,81803975,,,0
SPY,5y,2,Mat Hold,100,,0.1224,,81803975,,,0
SPY,5y,2,Morning Doji Star,100,0.0542,0.1235,106858600.0,81794148,1.0,1.0,1
SPY,5y,2,Morning Star,100,0.031,0.1194,114912958.0,81672875,0.89,0.26,6
SPY,5y,2,On-Neck Pattern,-100,-0.5032,0.1209,74392667.0,81841232,0.39,0.28,3
SPY,5y,2,On-Neck Pattern,100,,0.1224,,81803975,,,0
SPY,5y,2,Piercing Pattern,100,0.4697,0.1168,86247575.0,81698901,0.49,0.69,8
SPY,5y,2,Rickshaw Man,100,0.2057,0.1156,77600075.0,82284869,0.57,0.15,118
SPY,5y,2,Rising/Falling Three Methods,-100,,0.1224,,81803975,,,0
SPY,5y,2,Rising/Falling Three Methods,100,,0.1224,,81803975,,,0
SPY,5y,2,Separating Lines,-100,2.2295,0.1209,105481750.0,81756901,1.0,1.0,1
SPY,5y,2,Separating Lines,100,0.4362,0.1227,83238725.0,81817366,0.56,0.96,2
SPY,5y,2,Shooting Star,100,,0.1224,,81803975,,,0
SPY,5y,2,Short Line Candle,100,0.1619,0.1402,72960206.0,82752928,0.89,0.0,96
SPY,5y,2,Spinning Top,100,0.0028,0.1339,83909014.0,81516660,0.45,0.56,127
SPY,5y,2,Stalled Pattern,100,,0.1224,,81803975,,,0
SPY,5y,2,Stick Sandwich,100,1.4274,0.1218,116001400.0,81763838,0.33,0.0,2
SPY,5y,2,Takuri (Dragonfly Doji with very long lower shadow),100,-0.2616,0.1188,66258361.0,82115823,0.28,0.0,23
SPY,5y,2,Tasuki Gap,-100,0.1552,0.1221,80273950.0,81813021,1.0,1.0,1
SPY,5y,2,Tasuki Gap,100,0.0847,0.1182,79741450.0,81844587,0.95,0.75,8
SPY,5y,2,Thrusting Pattern,-100,0.6442,0.1271,83784220.0,81742530,0.24,0.86,10
SPY,5y,2,Thrusting Pattern,100,,0.1224,,81803975,,,0
SPY,5y,2,Tristar Pattern,-100,0.3234,0.1224,71449350.0,81819253,1.0,1.0,1
SPY,5y,2,Tristar Pattern,100,0.1759,0.1224,43382300.0,81835200,1.0,1.0,1
SPY,5y,2,Unique 3 River,100,-1.2764,0.1224,86809650.0,81815366,1.0,1.0,1
SPY,5y,2,Upside Gap Two Crows,100,,0.1224,,81803975,,,0
SPY,5y,2,Upside/Downside Gap Three Methods,-100,0.0961,0.1178,81058138.0,81783445,0.98,0.95,4
SPY,5y,2,Upside/Downside Gap Three Methods,100,0.8432,0.1217,90846400.0,81778706,1.0,1.0,1
SPY,5y,3,Two Crows,100,,0.1224,,81803975,,,0
SPY,5y,3,Three Black Crows,100,,0.1224,,81803975,,,0
SPY,5y,3,Three Inside Up/Down,-100,0.7945,0.1861,91280996.0,81647217,0.33,0.32,15
SPY,5y,3,Three Inside Up/Down,100,0.6784,0.1861,73089433.0,81942729,0.39,0.34,12
SPY,5y,3,Three-Line Strike,-100,3.036,0.1824,90026000.0,81826863,1.0,1.0,1
SPY,5y,3,Three-Line Strike,-200,,0.1834,,81845080,,,0
SPY,5y,3,Three-Line Strike,100,-1.4868,0.1828,70421767.0,81857890,1.0,1.0,1
SPY,5y,3,Three-Line Strike,200,,0.1834,,81845080,,,0
SPY,5y,3,Three Outside Up/Down,-100,1.0398,0.1549,93591260.0,81600152,0.06,0.25,21
SPY,5y,3,Three Outside Up/Down,100,-0.3341,0.1928,76987658.0,81907476,0.16,0.33,20
SPY,5y,3,Three Stars In The South,100,,0.1834,,81845080,,,0
SPY,5y,3,Three Advancing White Soldiers,100,0.6993,0.1839,67356075.0,81876386,0.13,0.2,4
SPY,5y,3,Abandoned Baby,-100,,0.1834,,81845080,,,0
SPY,5y,3,Abandoned Baby,100,,0.1834,,81845080,,,0
SPY,5y,3,Advance Block,100,,0.1834,,81845080,,,0
SPY,5y,3,Belt-hold,-100,0.3526,0.178,82595029.0,81683982,0.45,0.78,79
SPY,5y,3,Belt-hold,100,0.2069,0.1764,75086497.0,82480023,0.89,0.02,108
SPY,5y,3,Breakaway,-100,2.4915,0.1813,71243733.0,81844690,1.0,1.0,1
SPY,5y,3,Breakaway,100,,0.1834,,81845080,,,0
SPY,5y,3,Closing Marubozu,-100,0.7391,0.1546,98976683.0,80471058,0.1,0.0,73
SPY,5y,3,Closing Marubozu,100,-0.0398,0.2107,80422107.0,81932771,0.2,0.65,143
SPY,5y,3,Concealing Baby Swallow,100,,0.1834,,81845080,,,0
SPY,5y,3,Counterattack,-100,1.2135,0.1804,93153183.0,81824973,0.74,0.87,2
SPY,5y,3,Counterattack,100,-1.1036,0.1864,92122583.0,81855025,0.32,0.61,4
SPY,5y,3,Dark Cloud Cover,100,,0.1834,,81845080,,,0
SPY,5y,3,Doji,100,0.2431,0.181,80038152.0,82318986,0.72,0.49,162
SPY,5y,3,Doji Star,-100,0.5295,0.1773,67389654.0,82134113,0.28,0.01,19
SPY,5y,3,Doji Star,100,-0.1065,0.1857,83098217.0,81852349,0.42,0.84,16
SPY,5y,3,Dragonfly Doji,100,0.0151,0.187,68360507.0,82140056,0.57,0.0,24
SPY,5y,3,Engulfing Pattern,-100,1.1352,0.1526,79245732.0,81928265,0.02,0.62,50
SPY,5y,3,Engulfing Pattern,100,-0.0005,0.1892,80244208.0,81901904,0.68,0.71,39
SPY,5y,3,Evening Doji Star,100,,0.1834,,81845080,,,0
SPY,5y,3,Evening Star,100,,0.1834,,81845080,,,0
SPY,5y,3,Up/Down-gap side-by-side white lines,-100,,0.1834,,81845080,,,0
SPY,5y,3,Up/Down-gap side-by-side white lines,100,-0.7816,0.1859,88879167.0,81850023,0.42,0.68,4
SPY,5y,3,Gravestone Doji,100,0.1842,0.1907,94322924.0,81728927,0.99,0.48,15
SPY,5y,3,Hammer,100,0.2337,0.1788,73728629.0,81962659,0.88,0.21,17
SPY,5y,3,Hanging Man,100,,0.1834,,81845080,,,0
SPY,5y,3,Harami Pattern,-100,0.1131,0.1992,83896545.0,81791174,0.8,0.69,52
SPY,5y,3,Harami Pattern,100,0.4159,0.1743,76103966.0,82045953,0.45,0.24,39
SPY,5y,3,Harami Cross Pattern,100,0.431,0.1793,78742092.0,81911986,0.76,0.69,12
SPY,5y,3,High-Wave Candle,100,0.2067,0.1864,86664633.0,81421302,0.93,0.34,77
SPY,5y,3,Hikkake Pattern,-100,0.0267,0.1765,74475095.0,82257270,0.59,0.09,50
SPY,5y,3,Hikkake Pattern,-200,1.3786,0.1728,93362604.0,81765211,0.11,0.39,8
SPY,5y,3,Hikkake Pattern,100,0.6453,0.1853,87975307.0,81603899,0.41,0.44,38
SPY,5y,3,Hikkake Pattern,200,-0.268,0.1841,71754279.0,81974754,0.56,0.26,13
SPY,5y,3,Modified Hikkake Pattern,-100,-1.2272,0.1829,83602867.0,81840809,1.0,1.0,1
SPY,5y,3,Modified Hikkake Pattern,-200,,0.1834,,81845080,,,0
SPY,5y,3,Modified Hikkake Pattern,100,,0.1834,,81845080,,,0
SPY,5y,3,Modified Hikkake Pattern,200,,0.1834,,81845080,,,0
SPY,5y,3,Homing Pigeon,100,0.3071,0.1784,73612988.0,81960986,0.83,0.22,16
SPY,5y,3,Identical Three Crows,100,,0.1834,,81845080,,,0
SPY,5y,3,In-Neck Pattern,-100,-2.4472,0.187,99756875.0,81844984,0.08,0.33,4
SPY,5y,3,In-Neck Pattern,100,,0.1834,,81845080,,,0
SPY,5y,3,Inverted Hammer,100,0.3283,0.1773,88092669.0,81758787,0.74,0.54,26
SPY,5y,3,Kicking,-100,,0.1834,,81845080,,,0
SPY,5y,3,Kicking,100,,0.1834,,81845080,,,0
SPY,5y,3,Kicking - bull/bear determined by the longer marubozu,-100,,0.1834,,81845080,,,0
SPY,5y,3,Kicking - bull/bear determined by the longer marubozu,100,,0.1834,,81845080,,,0
SPY,5y,3,Ladder Bottom,100,3.2618,0.1813,98629400.0,81808921,0.23,0.21,2
SPY,5y,3,Long Legged Doji,100,0.2431,0.181,80038152.0,82318986,0.72,0.49,162
SPY,5y,3,Long Line Candle,-100,0.6973,0.149,87525957.0,81067836,0.03,0.13,100
SPY,5y,3,Long Line Candle,-200,,0.1834,,81845080,,,0
SPY,5y,3,Long Line Candle,100,0.188,0.1755,74588496.0,82885631,0.94,0.0,171
SPY,5y,3,Long Line Candle,200,,0.1834,,81845080,,,0
SPY,5y,3,Marubozu,-100,0.9675,0.1704,92122062.0,81587926,0.1,0.16,22
SPY,5y,3,Marubozu,-200,,0.1834,,81845080,,,0
SPY,5y,3,Marubozu,100,0.2501,0.1802,78634704.0,81925733,0.86,0.58,46
SPY,5y,3,Marubozu,200,,0.1834,,81845080,,,0
SPY,5y,3,Matching Low,100,-0.4349,0.1817,65165831.0,82044330,0.08,0.0,14
SPY,5y,3,Mat Hold,-100,,0.1834,,81845080,,,0
SPY,5y,3,Mat Hold,100,,0.1834,,81845080,,,0
SPY,5y,3,Morning Doji Star,100,1.6657,0.1841,109375433.0,81829432,1.0,1.0,1
SPY,5y,3,Morning Star,100,1.102,0.1836,110823906.0,81695388,0.44,0.25,6
SPY,5y,3,On-Neck Pattern,-100,-1.3332,0.1823,84550522.0,81866557,0.47,0.77,3
SPY,5y,3,On-Neck Pattern,100,,0.1834,,81845080,,,0
SPY,5y,3,Piercing Pattern,100,1.1771,0.1782,88331742.0,81777456,0.16,0.55,8
SPY,5y,3,Rickshaw Man,100,0.3994,0.1648,77830464.0,82337690,0.2,0.15,118
SPY,5y,3,Rising/Falling Three Methods,-100,,0.1834,,81845080,,,0
SPY,5y,3,Rising/Falling Three Methods,100,,0.1834,,81845080,,,0
SPY,5y,3,Separating Lines,-100,0.958,0.1824,102199933.0,81810471,1.0,1.0,1
SPY,5y,3,Separating Lines,100,1.2846,0.1831,82961533.0,81849049,0.2,0.97,2
SPY,5y,3,Shooting Star,100,,0.1834,,81845080,,,0
SPY,5y,3,Short Line Candle,100,0.1294,0.1932,74073805.0,82686117,0.75,0.0,96
SPY,5y,3,Spinning Top,100,0.0707,0.1836,83418248.0,81631705,0.56,0.64,127
SPY,5y,3,Stalled Pattern,100,,0.1834,,81845080,,,0
SPY,5y,3,Stick Sandwich,100,0.6968,0.1824,117937467.0,81800444,0.78,0.08,2
SPY,5y,3,Takuri (Dragonfly Doji with very long lower shadow),100,0.0466,0.1872,67880720.0,82122534,0.66,0.0,23
SPY,5y,3,Tasuki Gap,-100,1.4511,0.1839,84734967.0,81845514,1.0,1.0,1
SPY,5y,3,Tasuki Gap,100,0.209,0.1804,80540538.0,81863237,0.96,0.85,8
SPY,5y,3,Thrusting Pattern,-100,0.6042,0.1815,85859787.0,81820017,0.47,0.75,10
SPY,5y,3,Thrusting Pattern,100,,0.1834,,81845080,,,0
SPY,5y,3,Tristar Pattern,-100,0.915,0.1832,77332200.0,81855851,1.0,1.0,1
SPY,5y,3,Tristar Pattern,100,0.0309,0.1832,42955167.0,81874842,1.0,1.0,1
SPY,5y,3,Unique 3 River,100,-2.8218,0.1842,93165733.0,81850129,1.0,1.0,1
SPY,5y,3,Upside Gap Two Crows,100,,0.1834,,81845080,,,0
SPY,5y,3,Upside/Downside Gap Three Methods,-100,-0.1973,0.1795,82681583.0,81832004,0.81,0.93,4
SPY,5y,3,Upside/Downside Gap Three Methods,100,0.6187,0.1827,81521500.0,81830325,1.0,1.0,1
SPY,5y,4,Two Crows,100,,0.1834,,81845080,,,0
SPY,5y,4,Three Black Crows,100,,0.1834,,81845080,,,0
SPY,5y,4,Three Inside Up/Down,-100,1.0679,0.2438,89259138.0,81731990,0.33,0.39,15
SPY,5y,4,Three Inside Up/Down,100,0.6817,0.244,75004656.0,81967112,0.35,0.48,12
SPY,5y,4,Three-Line Strike,-100,2.1975,0.2441,89590275.0,81868248,1.0,1.0,1
SPY,5y,4,Three-Line Strike,-200,,0.2445,,81881474,,,0
SPY,5y,4,Three-Line Strike,100,-1.7734,0.2451,68885350.0,81888706,1.0,1.0,1
SPY,5y,4,Three-Line Strike,200,,0.2445,,81881474,,,0
SPY,5y,4,Three Outside Up/Down,-100,1.0493,0.2175,92179700.0,81659913,0.16,0.25,21
SPY,5y,4,Three Outside Up/Down,100,-0.5413,0.253,78243820.0,81959862,0.08,0.46,20
SPY,5y,4,Three Stars In The South,100,,0.2445,,81881474,,,0
SPY,5y,4,Three Advancing White Soldiers,100,0.6566,0.243,67220106.0,81921849,0.52,0.25,4
SPY,5y,4,Abandoned Baby,-100,,0.2445,,81881474,,,0
SPY,5y,4,Abandoned Baby,100,,0.2445,,81881474,,,0
SPY,5y,4,Advance Block,100,,0.2445,,81881474,,,0
SPY,5y,4,Belt-hold,-100,0.4109,0.238,82452722.0,81790965,0.49,0.83,79
SPY,5y,4,Belt-hold,100,0.3213,0.2473,75441049.0,82467646,0.76,0.02,108
SPY,5y,4,Breakaway,-100,2.3452,0.2421,69953950.0,81883762,1.0,1.0,1
SPY,5y,4,Breakaway,100,,0.2445,,81881474,,,0
SPY,5y,4,Closing Marubozu,-100,0.7512,0.1944,98004697.0,80656197,0.11,0.0,73
SPY,5y,4,Closing Marubozu,100,0.0018,0.28,80668017.0,81995241,0.23,0.69,143
SPY,5y,4,Concealing Baby Swallow,100,,0.2445,,81881474,,,0
SPY,5y,4,Counterattack,-100,0.2592,0.2399,89459250.0,81862492,0.99,0.91,2
SPY,5y,4,Counterattack,100,-0.4059,0.2501,99758338.0,81863232,0.61,0.51,4
SPY,5y,4,Dark Cloud Cover,100,,0.2445,,81881474,,,0
SPY,5y,4,Doji,100,0.3691,0.2194,80065505.0,82247921,0.52,0.5,162
SPY,5y,4,Doji Star,-100,0.7167,0.2384,69382649.0,82140215,0.09,0.03,19
SPY,5y,4,Doji Star,100,0.8684,0.2489,84842953.0,81867430,0.16,0.57,16
SPY,5y,4,Dragonfly Doji,100,-0.1054,0.2446,68362632.0,82147942,0.37,0.0,24
SPY,5y,4,Engulfing Pattern,-100,1.0085,0.206,79505986.0,81945810,0.05,0.63,50
SPY,5y,4,Engulfing Pattern,100,-0.0157,0.255,79525569.0,81961649,0.59,0.57,39
SPY,5y,4,Evening Doji Star,100,,0.2445,,81881474,,,0
SPY,5y,4,Evening Star,100,,0.2445,,81881474,,,0
SPY,5y,4,Up/Down-gap side-by-side white lines,-100,,0.2445,,81881474,,,0
SPY,5y,4,Up/Down-gap side-by-side white lines,100,-0.3719,0.2496,95746044.0,81873380,0.53,0.54,4
SPY,5y,4,Gravestone Doji,100,-0.4577,0.2442,93051755.0,81751408,0.59,0.51,15
SPY,5y,4,Hammer,100,0.25,0.2381,72790282.0,81998377,0.98,0.17,17
SPY,5y,4,Hanging Man,100,,0.2445,,81881474,,,0
SPY,5y,4,Harami Pattern,-100,0.0365,0.2541,82701950.0,81808334,0.55,0.86,52
SPY,5y,4,Harami Pattern,100,0.4617,0.2318,76721300.0,82084709,0.56,0.28,39
SPY,5y,4,Harami Cross Pattern,100,0.7412,0.2412,78242217.0,81942091,0.55,0.66,12
SPY,5y,4,High-Wave Candle,100,0.3519,0.2373,86319119.0,81529584,0.73,0.37,77
SPY,5y,4,Hikkake Pattern,-100,0.3386,0.2447,74439980.0,82262062,0.78,0.08,50
SPY,5y,4,Hikkake Pattern,-200,1.8398,0.231,90484872.0,81813028,0.18,0.5,8
SPY,5y,4,Hikkake Pattern,100,0.1858,0.2374,89204803.0,81664585,0.94,0.39,38
SPY,5y,4,Hikkake Pattern,200,0.2183,0.2471,73974894.0,81994260,0.97,0.39,13
SPY,5y,4,Modified Hikkake Pattern,-100,-1.9517,0.2449,85005575.0,81877391,1.0,1.0,1
SPY,5y,4,Modified Hikkake Pattern,-200,,0.2445,,81881474,,,0
SPY,5y,4,Modified Hikkake Pattern,100,,0.2445,,81881474,,,0
SPY,5y,4,Modified Hikkake Pattern,200,,0.2445,,81881474,,,0
SPY,5y,4,Homing Pigeon,100,0.3754,0.2411,73439656.0,81987947,0.85,0.19,16
SPY,5y,4,Identical Three Crows,100,,0.2445,,81881474,,,0
SPY,5y,4,In-Neck Pattern,-100,-1.7444,0.253,108954569.0,81840885,0.18,0.29,4
SPY,5y,4,In-Neck Pattern,100,,0.2445,,81881474,,,0
SPY,5y,4,Inverted Hammer,100,-0.2668,0.233,87026702.0,81774931,0.54,0.6,26
SPY,5y,4,Kicking,-100,,0.2445,,81881474,,,0
SPY,5y,4,Kicking,100,,0.2445,,81881474,,,0
SPY,5y,4,Kicking - bull/bear determined by the longer marubozu,-100,,0.2445,,81881474,,,0
SPY,5y,4,Kicking - bull/bear determined by the longer marubozu,100,,0.2445,,81881474,,,0
SPY,5y,4,Ladder Bottom,100,3.3266,0.2419,92871500.0,81850356,0.03,0.17,2
SPY,5y,4,Long Legged Doji,100,0.3691,0.2194,80065505.0,82247921,0.52,0.5,162
SPY,5y,4,Long Line Candle,-100,0.6989,0.196,87428436.0,81260066,0.05,0.13,100
SPY,5y,4,Long Line Candle,-200,,0.2445,,81881474,,,0
SPY,5y,4,Long Line Candle,100,0.2814,0.2452,75207551.0,82939052,0.84,0.0,171
SPY,5y,4,Long Line Candle,200,,0.2445,,81881474,,,0
SPY,5y,4,Marubozu,-100,1.2296,0.2268,90914740.0,81653767,0.06,0.17,22
SPY,5y,4,Marubozu,-200,,0.2445,,81881474,,,0
SPY,5y,4,Marubozu,100,0.364,0.2465,78418385.0,81974486,0.78,0.53,46
SPY,5y,4,Marubozu,200,,0.2445,,81881474,,,0
SPY,5y,4,Matching Low,100,-0.3696,0.2475,64670736.0,82075188,0.23,0.0,14
SPY,5y,4,Mat Hold,-100,,0.2445,,81881474,,,0
SPY,5y,4,Mat Hold,100,,0.2445,,81881474,,,0
SPY,5y,4,Morning Doji Star,100,1.6152,0.244,109058475.0,81863260,1.0,1.0,1
SPY,5y,4,Morning Star,100,1.0627,0.2399,106919954.0,81744288,0.35,0.3,6
SPY,5y,4,On-Neck Pattern,-100,-1.1211,0.2455,86300558.0,81883879,0.44,0.69,3
SPY,5y,4,On-Neck Pattern,100,,0.2445,,81881474,,,0
SPY,5y,4,Piercing Pattern,100,1.3348,0.2351,85236697.0,81813845,0.1,0.73,8
SPY,5y,4,Rickshaw Man,100,0.6313,0.2121,77988980.0,82347323,0.07,0.15,118
SPY,5y,4,Rising/Falling Three Methods,-100,,0.2445,,81881474,,,0
SPY,5y,4,Rising/Falling Three Methods,100,,0.2445,,81881474,,,0
SPY,5y,4,Separating Lines,-100,0.2272,0.2445,100582250.0,81852773,1.0,1.0,1
SPY,5y,4,Separating Lines,100,1.0941,0.2429,82128238.0,81884286,0.35,0.99,2
SPY,5y,4,Shooting Star,100,,0.2445,,81881474,,,0
SPY,5y,4,Short Line Candle,100,0.194,0.2618,74102495.0,82628060,0.75,0.0,96
SPY,5y,4,Spinning Top,100,0.2088,0.2439,83297986.0,81708734,0.89,0.67,127
SPY,5y,4,Stalled Pattern,100,,0.2445,,81881474,,,0
SPY,5y,4,Stick Sandwich,100,0.0325,0.2447,111377725.0,81832068,0.93,0.16,2
SPY,5y,4,Takuri (Dragonfly Doji with very long lower shadow),100,-0.109,0.2437,68023910.0,82140484,0.39,0.0,23
SPY,5y,4,Tasuki Gap,-100,2.3698,0.244,85350350.0,81879472,1.0,1.0,1
SPY,5y,4,Tasuki Gap,100,-0.1854,0.2411,81238506.0,81894864,0.66,0.93,8
SPY,5y,4,Thrusting Pattern,-100,1.0096,0.2434,87333700.0,81846543,0.33,0.66,10
SPY,5y,4,Thrusting Pattern,100,,0.2445,,81881474,,,0
SPY,5y,4,Tristar Pattern,-100,0.3901,0.2439,76106875.0,81888140,1.0,1.0,1
SPY,5y,4,Tristar Pattern,100,0.4316,0.2444,48105725.0,81911772,1.0,1.0,1
SPY,5y,4,Unique 3 River,100,-3.9347,0.2465,94737000.0,81880497,1.0,1.0,1
SPY,5y,4,Upside Gap Two Crows,100,,0.2445,,81881474,,,0
SPY,5y,4,Upside/Downside Gap Three Methods,-100,-0.1148,0.2417,77577725.0,81868508,0.85,0.64,4
SPY,5y,4,Upside/Downside Gap Three Methods,100,2.0722,0.244,80515600.0,81874213,1.0,1.0,1
SPY,5y,5,Two Crows,100,,0.2445,,81881474,,,0
SPY,5y,5,Three Black Crows,100,,0.2445,,81881474,,,0
SPY,5y,5,Three Inside Up/Down,-100,1.2677,0.3017,87518664.0,81793696,0.31,0.51,15
SPY,5y,5,Three Inside Up/Down,100,0.9611,0.305,74976125.0,81987228,0.04,0.48,12
SPY,5y,5,Three-Line Strike,-100,4.6276,0.3052,97879900.0,81904555,1.0,1.0,1
SPY,5y,5,Three-Line Strike,-200,,0.3049,,81916139,,,0
SPY,5y,5,Three-Line Strike,100,-2.2257,0.3058,75118740.0,81924769,1.0,1.0,1
SPY,5y,5,Three-Line Strike,200,,0.3049,,81916139,,,0
SPY,5y,5,Three Outside Up/Down,-100,1.0959,0.2788,91340938.0,81718666,0.17,0.27,21
SPY,5y,5,Three Outside Up/Down,100,-0.7325,0.3178,79565087.0,81979039,0.05,0.64,20
SPY,5y,5,Three Stars In The South,100,,0.3049,,81916139,,,0
SPY,5y,5,Three Advancing White Soldiers,100,1.1565,0.3038,66678765.0,81958228,0.21,0.23,4
SPY,5y,5,Abandoned Baby,-100,,0.3049,,81916139,,,0
SPY,5y,5,Abandoned Baby,100,,0.3049,,81916139,,,0
SPY,5y,5,Advance Block,100,,0.3049,,81916139,,,0
SPY,5y,5,Belt-hold,-100,0.7437,0.2986,81986673.0,81844060,0.09,0.96,79
SPY,5y,5,Belt-hold,100,0.2825,0.3027,75503086.0,82489127,0.93,0.02,108
SPY,5y,5,Breakaway,-100,2.5317,0.3027,67738300.0,81920522,1.0,1.0,1
SPY,5y,5,Breakaway,100,,0.3049,,81916139,,,0
SPY,5y,5,Closing Marubozu,-100,0.9221,0.2578,97026988.0,80773820,0.13,0.0,73
SPY,5y,5,Closing Marubozu,100,-0.0743,0.3429,80811547.0,82023958,0.11,0.72,143
SPY,5y,5,Concealing Baby Swallow,100,,0.3049,,81916139,,,0
SPY,5y,5,Counterattack,-100,0.4831,0.302,89474050.0,81902117,0.92,0.9,2
SPY,5y,5,Counterattack,100,-1.3605,0.3085,105446945.0,81875522,0.31,0.37,4
SPY,5y,5,Dark Cloud Cover,100,,0.3049,,81916139,,,0
SPY,5y,5,Doji,100,0.4464,0.2701,79932228.0,82266205,0.41,0.46,162
SPY,5y,5,Doji Star,-100,0.4116,0.2969,70649915.0,82143911,0.74,0.05,19
SPY,5y,5,Doji Star,100,0.831,0.2975,83767209.0,81884142,0.38,0.71,16
SPY,5y,5,Dragonfly Doji,100,0.0106,0.3086,69551984.0,82182939,0.54,0.01,24
SPY,5y,5,Engulfing Pattern,-100,1.0794,0.2742,79258612.0,81982348,0.08,0.56,50
SPY,5y,5,Engulfing Pattern,100,-0.0651,0.3179,80656222.0,82010435,0.46,0.74,39
SPY,5y,5,Evening Doji Star,100,,0.3049,,81916139,,,0
SPY,5y,5,Evening Star,100,,0.3049,,81916139,,,0
SPY,5y,5,Up/Down-gap side-by-side white lines,-100,,0.3049,,81916139,,,0
SPY,5y,5,Up/Down-gap side-by-side white lines,100,0.325,0.3089,92122585.0,81887694,0.98,0.63,4
SPY,5y,5,Gravestone Doji,100,-0.0727,0.3132,90168928.0,81794595,0.69,0.61,15
SPY,5y,5,Hammer,100,0.0489,0.2991,72142841.0,82042966,0.66,0.12,17
SPY,5y,5,Hanging Man,100,,0.3049,,81916139,,,0
SPY,5y,5,Harami Pattern,-100,0.3796,0.3204,82922020.0,81883008,0.89,0.83,52
SPY,5y,5,Harami Pattern,100,0.3345,0.2927,76982187.0,82101230,0.92,0.3,39
SPY,5y,5,Harami Cross Pattern,100,0.1802,0.2992,79450000.0,81974946,0.91,0.77,12
SPY,5y,5,High-Wave Candle,100,0.5029,0.2922,86219774.0,81592119,0.53,0.37,77
SPY,5y,5,Hikkake Pattern,-100,0.4678,0.2947,74319480.0,82285037,0.63,0.07,50
SPY,5y,5,Hikkake Pattern,-200,2.7965,0.2888,89976560.0,81861600,0.08,0.56,8
SPY,5y,5,Hikkake Pattern,100,0.6607,0.3141,88178255.0,81674689,0.61,0.45,38
SPY,5y,5,Hikkake Pattern,200,0.0652,0.303,74881291.0,82009414,0.83,0.52,13
SPY,5y,5,Modified Hikkake Pattern,-100,-1.0857,0.306,86196780.0,81911727,1.0,1.0,1
SPY,5y,5,Modified Hikkake Pattern,-200,,0.3049,,81916139,,,0
SPY,5y,5,Modified Hikkake Pattern,100,,0.3049,,81916139,,,0
SPY,5y,5,Modified Hikkake Pattern,200,,0.3049,,81916139,,,0
SPY,5y,5,Homing Pigeon,100,0.0783,0.3015,73822085.0,82025018,0.77,0.2,16
SPY,5y,5,Identical Three Crows,100,,0.3049,,81916139,,,0
SPY,5y,5,In-Neck Pattern,-100,-3.2175,0.3114,111176630.0,81848739,0.12,0.25,4
SPY,5y,5,In-Neck Pattern,100,,0.3049,,81916139,,,0
SPY,5y,5,Inverted Hammer,100,0.3606,0.3073,85379697.0,81823317,0.94,0.71,26
SPY,5y,5,Kicking,-100,,0.3049,,81916139,,,0
SPY,5y,5,Kicking,100,,0.3049,,81916139,,,0
SPY,5y,5,Kicking - bull/bear determined by the longer marubozu,-100,,0.3049,,81916139,,,0
SPY,5y,5,Kicking - bull/bear determined by the longer marubozu,100,,0.3049,,81916139,,,0
SPY,5y,5,Ladder Bottom,100,5.3428,0.3023,93421680.0,81893289,0.12,0.08,2
SPY,5y,5,Long Legged Doji,100,0.4464,0.2701,79932228.0,82266205,0.41,0.46,162
SPY,5y,5,Long Line Candle,-100,0.9452,0.2615,86996942.0,81330445,0.02,0.14,100
SPY,5y,5,Long Line Candle,-200,,0.3049,,81916139,,,0
SPY,5y,5,Long Line Candle,100,0.2281,0.3005,75468838.0,82919643,0.7,0.0,171
SPY,5y,5,Long Line Candle,200,,0.3049,,81916139,,,0
SPY,5y,5,Marubozu,-100,1.6773,0.2837,89991435.0,81715103,0.01,0.2,22
SPY,5y,5,Marubozu,-200,,0.3049,,81916139,,,0
SPY,5y,5,Marubozu,100,0.3346,0.3049,78228847.0,82023274,0.94,0.47,46
SPY,5y,5,Marubozu,200,,0.3049,,81916139,,,0
SPY,5y,5,Matching Low,100,-0.3647,0.3079,64395463.0,82113878,0.18,0.0,14
SPY,5y,5,Mat Hold,-100,,0.3049,,81916139,,,0
SPY,5y,5,Mat Hold,100,,0.3049,,81916139,,,0
SPY,5y,5,Morning Doji Star,100,1.3499,0.3045,102499220.0,81897394,1.0,1.0,1
SPY,5y,5,Morning Star,100,0.2258,0.3008,103168153.0,81793645,0.84,0.37,6
SPY,5y,5,On-Neck Pattern,-100,-2.3024,0.3056,84729973.0,81913507,0.35,0.8,3
SPY,5y,5,On-Neck Pattern,100,,0.3049,,81916139,,,0
SPY,5y,5,Piercing Pattern,100,1.4119,0.2949,83498712.0,81869836,0.15,0.86,8
SPY,5y,5,Rickshaw Man,100,0.6483,0.2547,78182101.0,82363800,0.08,0.16,118
SPY,5y,5,Rising/Falling Three Methods,-100,,0.3049,,81916139,,,0
SPY,5y,5,Rising/Falling Three Methods,100,,0.3049,,81916139,,,0
SPY,5y,5,Separating Lines,-100,2.4262,0.3056,101709620.0,81890976,1.0,1.0,1
SPY,5y,5,Separating Lines,100,0.5592,0.3038,80271780.0,81919167,0.8,0.95,2
SPY,5y,5,Shooting Star,100,,0.3049,,81916139,,,0
SPY,5y,5,Short Line Candle,100,0.2046,0.322,75101961.0,82641520,0.58,0.0,96
SPY,5y,5,Spinning Top,100,0.2486,0.2956,83507233.0,81757919,0.86,0.63,127
SPY,5y,5,Stalled Pattern,100,,0.3049,,81916139,,,0
SPY,5y,5,Stick Sandwich,100,1.1231,0.3063,107356230.0,81873499,0.6,0.01,2
SPY,5y,5,Takuri (Dragonfly Doji with very long lower shadow),100,-0.0139,0.3082,68988064.0,82174382,0.52,0.01,23
SPY,5y,5,Tasuki Gap,-100,2.0404,0.3037,79204780.0,81913715,1.0,1.0,1
SPY,5y,5,Tasuki Gap,100,0.5924,0.3044,77908200.0,81925218,0.73,0.58,8
SPY,5y,5,Thrusting Pattern,-100,1.0208,0.301,88443086.0,81872564,0.36,0.56,10
SPY,5y,5,Thrusting Pattern,100,,0.3049,,81916139,,,0
SPY,5y,5,Tristar Pattern,-100,0.3703,0.3048,74844200.0,81923014,1.0,1.0,1
SPY,5y,5,Tristar Pattern,100,-0.4642,0.3046,53018340.0,81943352,1.0,1.0,1
SPY,5y,5,Unique 3 River,100,-2.9163,0.3079,88512020.0,81912578,1.0,1.0,1
SPY,5y,5,Upside Gap Two Crows,100,,0.3049,,81916139,,,0
SPY,5y,5,Upside/Downside Gap Three Methods,-100,-0.4752,0.3021,78519000.0,81918433,0.71,0.65,4
SPY,5y,5,Upside/Downside Gap Three Methods,100,2.6577,0.3033,78380480.0,81911054,1.0,1.0,1
SPY,5y,6,Two Crows,100,,0.3049,,81916139,,,0
SPY,5y,6,Three Black Crows,100,,0.3049,,81916139,,,0
SPY,5y,6,Three Inside Up/Down,-100,0.9039,0.3601,87308686.0,81844701,0.54,0.51,15
SPY,5y,6,Three Inside Up/Down,100,0.9028,0.363,74809969.0,82014671,0.3,0.45,12
SPY,5y,6,Three-Line Strike,-100,5.8513,0.3634,95806067.0,81927554,1.0,1.0,1
SPY,5y,6,Three-Line Strike,-200,,0.365,,81943738,,,0
SPY,5y,6,Three-Line Strike,100,-1.3528,0.3663,72325200.0,81948542,1.0,1.0,1
SPY,5y,6,Three-Line Strike,200,,0.365,,81943738,,,0
SPY,5y,6,Three Outside Up/Down,-100,1.1157,0.3391,89733718.0,81762257,0.19,0.33,21
SPY,5y,6,Three Outside Up/Down,100,-0.641,0.382,80212986.0,81988707,0.03,0.74,20
SPY,5y,6,Three Stars In The South,100,,0.365,,81943738,,,0
SPY,5y,6,Three Advancing White Soldiers,100,1.4139,0.3625,65699292.0,81988225,0.31,0.19,4
SPY,5y,6,Abandoned Baby,-100,,0.365,,81943738,,,0
SPY,5y,6,Abandoned Baby,100,,0.365,,81943738,,,0
SPY,5y,6,Advance Block,100,,0.365,,81943738,,,0
SPY,5y,6,Belt-hold,-100,0.9305,0.3403,81396804.0,81905613,0.04,0.86,79
SPY,5y,6,Belt-hold,100,0.4269,0.372,75715151.0,82520242,0.84,0.02,108
SPY,5y,6,Breakaway,-100,2.0995,0.3627,65642950.0,81950485,1.0,1.0,1
SPY,5y,6,Breakaway,100,,0.365,,81943738,,,0
SPY,5y,6,Closing Marubozu,-100,0.8458,0.3109,96620861.0,80877128,0.27,0.0,73
SPY,5y,6,Closing Marubozu,100,0.2034,0.4206,80701826.0,82048627,0.42,0.68,143
SPY,5y,6,Concealing Baby Swallow,100,,0.365,,81943738,,,0
SPY,5y,6,Counterattack,-100,1.9885,0.3618,89300000.0,81930057,0.65,0.91,2
SPY,5y,6,Counterattack,100,-1.2801,0.3719,109479175.0,81885227,0.39,0.3,4
SPY,5y,6,Dark Cloud Cover,100,,0.365,,81943738,,,0
SPY,5y,6,Doji,100,0.4834,0.3276,79759038.0,82302178,0.54,0.42,162
SPY,5y,6,Doji Star,-100,0.2961,0.3626,70415545.0,82150043,0.86,0.04,19
SPY,5y,6,Doji Star,100,0.6501,0.3588,83180642.0,81922699,0.65,0.8,16
SPY,5y,6,Dragonfly Doji,100,0.3041,0.3676,69780426.0,82191569,0.9,0.01,24
SPY,5y,6,Engulfing Pattern,-100,1.0658,0.3338,79035665.0,82025390,0.11,0.51,50
SPY,5y,6,Engulfing Pattern,100,-0.0797,0.3815,81621703.0,82005786,0.49,0.92,39
SPY,5y,6,Evening Doji Star,100,,0.365,,81943738,,,0
SPY,5y,6,Evening Star,100,,0.365,,81943738,,,0
SPY,5y,6,Up/Down-gap side-by-side white lines,-100,,0.365,,81943738,,,0
SPY,5y,6,Up/Down-gap side-by-side white lines,100,0.0532,0.367,91488221.0,81922394,0.68,0.66,4
SPY,5y,6,Gravestone Doji,100,-0.404,0.3693,91293706.0,81849330,0.55,0.57,15
SPY,5y,6,Hammer,100,0.4279,0.3628,72738843.0,82078255,0.91,0.13,17
SPY,5y,6,Hanging Man,100,,0.365,,81943738,,,0
SPY,5y,6,Harami Pattern,-100,0.4668,0.3683,82496329.0,81903680,0.84,0.9,52
SPY,5y,6,Harami Pattern,100,0.3808,0.3588,76662642.0,82119842,0.96,0.27,39
SPY,5y,6,Harami Cross Pattern,100,0.4039,0.3653,79428128.0,81989236,0.97,0.77,12
SPY,5y,6,High-Wave Candle,100,0.4722,0.3463,85604222.0,81632636,0.74,0.43,77
SPY,5y,6,Hikkake Pattern,-100,0.7379,0.3519,73949276.0,82308565,0.28,0.05,50
SPY,5y,6,Hikkake Pattern,-200,2.846,0.3432,87635273.0,81891969,0.05,0.65,8
SPY,5y,6,Hikkake Pattern,100,0.2155,0.3612,87542931.0,81731980,0.86,0.49,38
SPY,5y,6,Hikkake Pattern,200,-0.4329,0.3654,77430862.0,82027781,0.48,0.73,13
SPY,5y,6,Modified Hikkake Pattern,-100,0.2094,0.3654,87468983.0,81938875,1.0,1.0,1
SPY,5y,6,Modified Hikkake Pattern,-200,,0.365,,81943738,,,0
SPY,5y,6,Modified Hikkake Pattern,100,,0.365,,81943738,,,0
SPY,5y,6,Modified Hikkake Pattern,200,,0.365,,81943738,,,0
SPY,5y,6,Homing Pigeon,100,0.41,0.3662,73182978.0,82049064,0.95,0.16,16
SPY,5y,6,Identical Three Crows,100,,0.365,,81943738,,,0
SPY,5y,6,In-Neck Pattern,-100,-2.9774,0.3764,115322383.0,81867236,0.18,0.2,4
SPY,5y,6,In-Neck Pattern,100,,0.365,,81943738,,,0
SPY,5y,6,Inverted Hammer,100,0.0507,0.3554,86208632.0,81877952,0.72,0.66,26
SPY,5y,6,Kicking,-100,,0.365,,81943738,,,0
SPY,5y,6,Kicking,100,,0.365,,81943738,,,0
SPY,5y,6,Kicking - bull/bear determined by the longer marubozu,-100,,0.365,,81943738,,,0
SPY,5y,6,Kicking - bull/bear determined by the longer marubozu,100,,0.365,,81943738,,,0
SPY,5y,6,Ladder Bottom,100,4.7703,0.3593,89061242.0,81921070,0.16,0.13,2
SPY,5y,6,Long Legged Doji,100,0.4834,0.3276,79759038.0,82302178,0.54,0.42,162
SPY,5y,6,Long Line Candle,-100,0.8853,0.3054,86678629.0,81409095,0.07,0.15,100
SPY,5y,6,Long Line Candle,-200,,0.365,,81943738,,,0
SPY,5y,6,Long Line Candle,100,0.4439,0.3784,75313811.0,82926561,0.75,0.0,171
SPY,5y,6,Long Line Candle,200,,0.365,,81943738,,,0
SPY,5y,6,Marubozu,-100,1.7548,0.3368,89681833.0,81763502,0.02,0.21,22
SPY,5y,6,Marubozu,-200,,0.365,,81943738,,,0
SPY,5y,6,Marubozu,100,0.5001,0.3684,78348723.0,82062404,0.79,0.47,46
SPY,5y,6,Marubozu,200,,0.365,,81943738,,,0
SPY,5y,6,Matching Low,100,-0.1367,0.3686,63986857.0,82144063,0.17,0.0,14
SPY,5y,6,Mat Hold,-100,,0.365,,81943738,,,0
SPY,5y,6,Mat Hold,100,,0.365,,81943738,,,0
SPY,5y,6,Morning Doji Star,100,1.7552,0.3649,104205050.0,81928880,1.0,1.0,1
SPY,5y,6,Morning Star,100,1.0523,0.3652,101629267.0,81836699,0.2,0.39,6
SPY,5y,6,On-Neck Pattern,-100,-1.76,0.3687,84584172.0,81942998,0.45,0.83,3
SPY,5y,6,On-Neck Pattern,100,,0.365,,81943738,,,0
SPY,5y,6,Piercing Pattern,100,0.8611,0.3549,84020650.0,81911054,0.67,0.82,8
SPY,5y,6,Rickshaw Man,100,0.6889,0.3192,77855945.0,82371351,0.17,0.12,118
SPY,5y,6,Rising/Falling Three Methods,-100,,0.365,,81943738,,,0
SPY,5y,6,Rising/Falling Three Methods,100,,0.365,,81943738,,,0
SPY,5y,6,Separating Lines,-100,4.6437,0.364,108917150.0,81919536,1.0,1.0,1
SPY,5y,6,Separating Lines,100,0.7781,0.3648,79191708.0,81948726,0.75,0.93,2
SPY,5y,6,Shooting Star,100,,0.365,,81943738,,,0
SPY,5y,6,Short Line Candle,100,0.2515,0.3857,74904902.0,82576716,0.58,0.0,96
SPY,5y,6,Spinning Top,100,0.2529,0.3579,83238375.0,81769203,0.72,0.67,127
SPY,5y,6,Stalled Pattern,100,,0.365,,81943738,,,0
SPY,5y,6,Stick Sandwich,100,2.163,0.3648,102677950.0,81905726,0.37,0.02,2
SPY,5y,6,Takuri (Dragonfly Doji with very long lower shadow),100,0.2277,0.3676,69326115.0,82187927,0.79,0.01,23
SPY,5y,6,Tasuki Gap,-100,2.3303,0.3641,76466467.0,81945374,1.0,1.0,1
SPY,5y,6,Tasuki Gap,100,0.8879,0.3599,76659392.0,81970061,0.63,0.47,8
SPY,5y,6,Thrusting Pattern,-100,1.0999,0.3615,89652953.0,81892905,0.41,0.48,10
SPY,5y,6,Thrusting Pattern,100,,0.365,,81943738,,,0
SPY,5y,6,Tristar Pattern,-100,-0.0326,0.3649,73890950.0,81951109,1.0,1.0,1
SPY,5y,6,Tristar Pattern,100,-0.422,0.3654,50531583.0,81967687,1.0,1.0,1
SPY,5y,6,Unique 3 River,100,-5.2354,0.3672,89278717.0,81943229,1.0,1.0,1
SPY,5y,6,Upside Gap Two Crows,100,,0.365,,81943738,,,0
SPY,5y,6,Upside/Downside Gap Three Methods,-100,-0.4436,0.3635,78226725.0,81945543,0.72,0.54,4
SPY,5y,6,Upside/Downside Gap Three Methods,100,4.0672,0.363,83994167.0,81941128,1.0,1.0,1
SPY,5y,7,Two Crows,100,,0.365,,81943738,,,0
SPY,5y,7,Three Black Crows,100,,0.365,,81943738,,,0
SPY,5y,7,Three Inside Up/Down,-100,0.9083,0.4249,86682414.0,81875533,0.64,0.53,15
SPY,5y,7,Three Inside Up/Down,100,1.0394,0.4238,75420862.0,82039782,0.27,0.48,12
SPY,5y,7,Three-Line Strike,-100,7.4481,0.4222,93383243.0,81953418,1.0,1.0,1
SPY,5y,7,Three-Line Strike,-200,,0.4247,,81967681,,,0
SPY,5y,7,Three-Line Strike,100,-1.7877,0.4254,72187500.0,81974516,1.0,1.0,1
SPY,5y,7,Three-Line Strike,200,,0.4247,,81967681,,,0
SPY,5y,7,Three Outside Up/Down,-100,0.9297,0.3995,88949440.0,81813008,0.46,0.37,21
SPY,5y,7,Three Outside Up/Down,100,-0.7864,0.4412,80830138.0,82003144,0.04,0.83,20
SPY,5y,7,Three Stars In The South,100,,0.4247,,81967681,,,0
SPY,5y,7,Three Advancing White Soldiers,100,1.4684,0.4215,64266446.0,82015608,0.24,0.15,4
SPY,5y,7,Abandoned Baby,-100,,0.4247,,81967681,,,0
SPY,5y,7,Abandoned Baby,100,,0.4247,,81967681,,,0
SPY,5y,7,Advance Block,100,,0.4247,,81967681,,,0
SPY,5y,7,Belt-hold,-100,1.0475,0.3914,80316828.0,81970256,0.03,0.55,79
SPY,5y,7,Belt-hold,100,0.4821,0.4238,76149651.0,82533555,0.84,0.02,108
SPY,5y,7,Breakaway,-100,1.4272,0.4228,66373743.0,81976548,1.0,1.0,1
SPY,5y,7,Breakaway,100,,0.4247,,81967681,,,0
SPY,5y,7,Closing Marubozu,-100,1.0829,0.3791,95433964.0,80942195,0.07,0.01,73
SPY,5y,7,Closing Marubozu,100,0.0936,0.4522,81029034.0,82093770,0.28,0.75,143
SPY,5y,7,Concealing Baby Swallow,100,,0.4247,,81967681,,,0
SPY,5y,7,Counterattack,-100,1.1885,0.4192,86757786.0,81954500,0.72,0.94,2
SPY,5y,7,Counterattack,100,-0.7367,0.4315,107133221.0,81895709,0.55,0.33,4
SPY,5y,7,Dark Cloud Cover,100,,0.4247,,81967681,,,0
SPY,5y,7,Doji,100,0.5795,0.3907,80277308.0,82343590,0.49,0.51,162
SPY,5y,7,Doji Star,-100,0.7336,0.425,69418985.0,82173007,0.32,0.03,19
SPY,5y,7,Doji Star,100,0.479,0.4217,84701419.0,81953082,0.94,0.61,16
SPY,5y,7,Dragonfly Doji,100,0.166,0.4228,71374696.0,82211545,0.7,0.05,24
SPY,5y,7,Engulfing Pattern,-100,1.1587,0.3965,77915950.0,82062649,0.06,0.34,50
SPY,5y,7,Engulfing Pattern,100,-0.1632,0.4436,81700552.0,82000969,0.36,0.94,39
SPY,5y,7,Evening Doji Star,100,,0.4247,,81967681,,,0
SPY,5y,7,Evening Star,100,,0.4247,,81967681,,,0
SPY,5y,7,Up/Down-gap side-by-side white lines,-100,,0.4247,,81967681,,,0
SPY,5y,7,Up/Down-gap side-by-side white lines,100,-0.6447,0.4278,91138857.0,81946528,0.26,0.67,4
SPY,5y,7,Gravestone Doji,100,-0.3618,0.4338,92096357.0,81861025,0.54,0.54,15
SPY,5y,7,Hammer,100,0.4468,0.4181,72731655.0,82095656,0.96,0.11,17
SPY,5y,7,Hanging Man,100,,0.4247,,81967681,,,0
SPY,5y,7,Harami Pattern,-100,0.6551,0.4268,82949248.0,81944119,0.62,0.82,52
SPY,5y,7,Harami Pattern,100,0.2535,0.419,76136649.0,82151144,0.76,0.21,39
SPY,5y,7,Harami Cross Pattern,100,-0.0162,0.4235,79127120.0,82010574,0.74,0.74,12
SPY,5y,7,High-Wave Candle,100,0.6575,0.412,85507174.0,81696906,0.53,0.44,77
SPY,5y,7,Hikkake Pattern,-100,0.8652,0.4029,74254911.0,82340203,0.3,0.05,50
SPY,5y,7,Hikkake Pattern,-200,2.9699,0.4029,85845414.0,81928957,0.1,0.76,8
SPY,5y,7,Hikkake Pattern,100,0.2234,0.4368,88566628.0,81775933,0.77,0.42,38
SPY,5y,7,Hikkake Pattern,200,-0.3361,0.431,79110034.0,82027674,0.36,0.83,13
SPY,5y,7,Modified Hikkake Pattern,-100,0.2475,0.4241,85289986.0,81962170,1.0,1.0,1
SPY,5y,7,Modified Hikkake Pattern,-200,,0.4247,,81967681,,,0
SPY,5y,7,Modified Hikkake Pattern,100,,0.4247,,81967681,,,0
SPY,5y,7,Modified Hikkake Pattern,200,,0.4247,,81967681,,,0
SPY,5y,7,Homing Pigeon,100,0.3716,0.4224,73043176.0,82080472,0.95,0.14,16
SPY,5y,7,Identical Three Crows,100,,0.4247,,81967681,,,0
SPY,5y,7,In-Neck Pattern,-100,-1.7604,0.4356,114195261.0,81877338,0.32,0.2,4
SPY,5y,7,In-Neck Pattern,100,,0.4247,,81967681,,,0
SPY,5y,7,Inverted Hammer,100,0.0202,0.423,86552382.0,81886257,0.63,0.64,26
SPY,5y,7,Kicking,-100,,0.4247,,81967681,,,0
SPY,5y,7,Kicking,100,,0.4247,,81967681,,,0
SPY,5y,7,Kicking - bull/bear determined by the longer marubozu,-100,,0.4247,,81967681,,,0
SPY,5y,7,Kicking - bull/bear determined by the longer marubozu,100,,0.4247,,81967681,,,0
SPY,5y,7,Ladder Bottom,100,3.5957,0.42,87841436.0,81951634,0.03,0.01,2
SPY,5y,7,Long Legged Doji,100,0.5795,0.3907,80277308.0,82343590,0.49,0.51,162
SPY,5y,7,Long Line Candle,-100,0.8972,0.3755,86010232.0,81472084,0.09,0.21,100
SPY,5y,7,Long Line Candle,-200,,0.4247,,81967681,,,0
SPY,5y,7,Long Line Candle,100,0.448,0.4136,75523638.0,82981007,0.88,0.0,171
SPY,5y,7,Long Line Candle,200,,0.4247,,81967681,,,0
SPY,5y,7,Marubozu,-100,1.8589,0.3962,88563011.0,81797667,0.02,0.27,22
SPY,5y,7,Marubozu,-200,,0.4247,,81967681,,,0
SPY,5y,7,Marubozu,100,0.4141,0.4241,78964340.0,82086730,0.98,0.53,46
SPY,5y,7,Marubozu,200,,0.4247,,81967681,,,0
SPY,5y,7,Matching Low,100,-0.4289,0.4264,65130320.0,82172134,0.07,0.0,14
SPY,5y,7,Mat Hold,-100,,0.4247,,81967681,,,0
SPY,5y,7,Mat Hold,100,,0.4247,,81967681,,,0
SPY,5y,7,Morning Doji Star,100,2.8351,0.4243,103559029.0,81951436,1.0,1.0,1
SPY,5y,7,Morning Star,100,1.1082,0.4212,101194862.0,81867719,0.32,0.35,6
SPY,5y,7,On-Neck Pattern,-100,-1.0361,0.4272,83744648.0,81966447,0.42,0.89,3
SPY,5y,7,On-Neck Pattern,100,,0.4247,,81967681,,,0
SPY,5y,7,Piercing Pattern,100,1.155,0.4186,83956573.0,81935489,0.58,0.83,8
SPY,5y,7,Rickshaw Man,100,0.8075,0.3809,78204612.0,82422106,0.13,0.15,118
SPY,5y,7,Rising/Falling Three Methods,-100,,0.4247,,81967681,,,0
SPY,5y,7,Rising/Falling Three Methods,100,,0.4247,,81967681,,,0
SPY,5y,7,Separating Lines,-100,5.8947,0.422,108025686.0,81939738,1.0,1.0,1
SPY,5y,7,Separating Lines,100,1.6954,0.4243,78817864.0,81973863,0.46,0.92,2
SPY,5y,7,Shooting Star,100,,0.4247,,81967681,,,0
SPY,5y,7,Short Line Candle,100,0.1875,0.4464,75126750.0,82604686,0.33,0.0,96
SPY,5y,7,Spinning Top,100,0.3344,0.4239,83321249.0,81821453,0.77,0.66,127
SPY,5y,7,Stalled Pattern,100,,0.4247,,81967681,,,0
SPY,5y,7,Stick Sandwich,100,3.1917,0.4229,98589993.0,81935719,0.33,0.14,2
SPY,5y,7,Takuri (Dragonfly Doji with very long lower shadow),100,0.0588,0.4239,71042821.0,82206843,0.59,0.05,23
SPY,5y,7,Tasuki Gap,-100,3.1385,0.4237,73586800.0,81971295,1.0,1.0,1
SPY,5y,7,Tasuki Gap,100,0.9022,0.4181,74995971.0,82001016,0.71,0.33,8
SPY,5y,7,Thrusting Pattern,-100,0.871,0.4211,89730370.0,81908429,0.42,0.48,10
SPY,5y,7,Thrusting Pattern,100,,0.4247,,81967681,,,0
SPY,5y,7,Tristar Pattern,-100,0.7304,0.425,72905871.0,81975488,1.0,1.0,1
SPY,5y,7,Tristar Pattern,100,-0.6048,0.4252,49148000.0,81993256,1.0,1.0,1
SPY,5y,7,Unique 3 River,100,-4.9688,0.4289,87479086.0,81965987,1.0,1.0,1
SPY,5y,7,Upside Gap Two Crows,100,,0.4247,,81967681,,,0
SPY,5y,7,Upside/Downside Gap Three Methods,-100,0.7001,0.4233,81468039.0,81971679,0.87,0.95,4
SPY,5y,7,Upside/Downside Gap Three Methods,100,4.4483,0.4216,81622300.0,81962019,1.0,1.0,1
SPY,5y,8,Two Crows,100,,0.4247,,81967681,,,0
SPY,5y,8,Three Black Crows,100,,0.4247,,81967681,,,0
SPY,5y,8,Three Inside Up/Down,-100,1.1141,0.4846,86451318.0,81907659,0.48,0.53,15
SPY,5y,8,Three Inside Up/Down,100,0.8349,0.4821,75885848.0,82056384,0.65,0.51,12
SPY,5y,8,Three-Line Strike,-100,6.6947,0.48,94721250.0,81977381,1.0,1.0,1
SPY,5y,8,Three-Line Strike,-200,,0.4837,,81989541,,,0
SPY,5y,8,Three-Line Strike,100,-2.4562,0.4848,73012762.0,81996606,1.0,1.0,1
SPY,5y,8,Three-Line Strike,200,,0.4837,,81989541,,,0
SPY,5y,8,Three Outside Up/Down,-100,0.8677,0.4626,89179117.0,81849605,0.61,0.35,21
SPY,5y,8,Three Outside Up/Down,100,-0.843,0.5036,81641844.0,82015738,0.06,0.95,20
SPY,5y,8,Three Stars In The South,100,,0.4837,,81989541,,,0
SPY,5y,8,Three Advancing White Soldiers,100,1.5201,0.4806,65761581.0,82042135,0.07,0.17,4
SPY,5y,8,Abandoned Baby,-100,,0.4837,,81989541,,,0
SPY,5y,8,Abandoned Baby,100,,0.4837,,81989541,,,0
SPY,5y,8,Advance Block,100,,0.4837,,81989541,,,0
SPY,5y,8,Belt-hold,-100,0.8656,0.4465,79652413.0,82061837,0.2,0.38,79
SPY,5y,8,Belt-hold,100,0.6015,0.4832,76753549.0,82524735,0.7,0.04,108
SPY,5y,8,Breakaway,-100,1.1202,0.4824,66871450.0,81998446,1.0,1.0,1
SPY,5y,8,Breakaway,100,,0.4837,,81989541,,,0
SPY,5y,8,Closing Marubozu,-100,1.153,0.427,94655753.0,81043644,0.08,0.01,73
SPY,5y,8,Closing Marubozu,100,0.3895,0.533,81484201.0,82086248,0.63,0.85,143
SPY,5y,8,Concealing Baby Swallow,100,,0.4837,,81989541,,,0
SPY,5y,8,Counterattack,-100,-0.4809,0.4796,86401906.0,81980130,0.17,0.94,2
SPY,5y,8,Counterattack,100,-0.325,0.489,104877153.0,81922135,0.54,0.38,4
SPY,5y,8,Dark Cloud Cover,100,,0.4837,,81989541,,,0
SPY,5y,8,Doji,100,0.6525,0.4442,80424963.0,82295604,0.47,0.55,162
SPY,5y,8,Doji Star,-100,0.9107,0.4782,69020787.0,82205432,0.33,0.02,19
SPY,5y,8,Doji Star,100,0.8108,0.4837,83917484.0,81957821,0.69,0.72,16
SPY,5y,8,Dragonfly Doji,100,0.4311,0.4856,72969101.0,82206039,0.94,0.14,24
SPY,5y,8,Engulfing Pattern,-100,1.001,0.4541,77524853.0,82129713,0.26,0.27,50
SPY,5y,8,Engulfing Pattern,100,-0.1962,0.5072,82700866.0,82018567,0.27,0.86,39
SPY,5y,8,Evening Doji Star,100,,0.4837,,81989541,,,0
SPY,5y,8,Evening Star,100,,0.4837,,81989541,,,0
SPY,5y,8,Up/Down-gap side-by-side white lines,-100,,0.4837,,81989541,,,0
SPY,5y,8,Up/Down-gap side-by-side white lines,100,0.1161,0.4892,90903762.0,81968249,0.59,0.67,4
SPY,5y,8,Gravestone Doji,100,-0.5899,0.493,92435459.0,81873718,0.49,0.53,15
SPY,5y,8,Hammer,100,0.3182,0.4777,74296253.0,82117904,0.82,0.15,17
SPY,5y,8,Hanging Man,100,,0.4837,,81989541,,,0
SPY,5y,8,Harami Pattern,-100,0.5577,0.4802,83205003.0,81949786,0.89,0.77,52
SPY,5y,8,Harami Pattern,100,0.3773,0.484,76134691.0,82187086,0.84,0.18,39
SPY,5y,8,Harami Cross Pattern,100,-0.0634,0.4871,78672644.0,82032945,0.66,0.7,12
SPY,5y,8,High-Wave Candle,100,0.8276,0.4627,85611335.0,81729581,0.32,0.42,77
SPY,5y,8,Hikkake Pattern,-100,0.9949,0.459,74498322.0,82347300,0.24,0.05,50
SPY,5y,8,Hikkake Pattern,-200,2.7115,0.4615,84291745.0,81961296,0.1,0.85,8
SPY,5y,8,Hikkake Pattern,100,0.3265,0.4974,88437843.0,81772375,0.83,0.43,38
SPY,5y,8,Hikkake Pattern,200,-0.6031,0.4896,81093011.0,82032827,0.31,0.95,13
SPY,5y,8,Modified Hikkake Pattern,-100,-0.307,0.4832,88480212.0,81985709,1.0,1.0,1
SPY,5y,8,Modified Hikkake Pattern,-200,,0.4837,,81989541,,,0
SPY,5y,8,Modified Hikkake Pattern,100,,0.4837,,81989541,,,0
SPY,5y,8,Modified Hikkake Pattern,200,,0.4837,,81989541,,,0
SPY,5y,8,Homing Pigeon,100,0.801,0.4826,72138820.0,82104421,0.66,0.09,16
SPY,5y,8,Identical Three Crows,100,,0.4837,,81989541,,,0
SPY,5y,8,In-Neck Pattern,-100,-2.295,0.4909,114159241.0,81900279,0.28,0.2,4
SPY,5y,8,In-Neck Pattern,100,,0.4837,,81989541,,,0
SPY,5y,8,Inverted Hammer,100,-0.2524,0.4839,86961695.0,81901052,0.45,0.62,26
SPY,5y,8,Kicking,-100,,0.4837,,81989541,,,0
SPY,5y,8,Kicking,100,,0.4837,,81989541,,,0
SPY,5y,8,Kicking - bull/bear determined by the longer marubozu,-100,,0.4837,,81989541,,,0
SPY,5y,8,Kicking - bull/bear determined by the longer marubozu,100,,0.4837,,81989541,,,0
SPY,5y,8,Ladder Bottom,100,3.782,0.481,86773662.0,81975813,0.0,0.28,2
SPY,5y,8,Long Legged Doji,100,0.6525,0.4442,80424963.0,82295604,0.47,0.55,162
SPY,5y,8,Long Line Candle,-100,0.8411,0.4385,85504134.0,81557069,0.26,0.27,100
SPY,5y,8,Long Line Candle,-200,,0.4837,,81989541,,,0
SPY,5y,8,Long Line Candle,100,0.5375,0.4812,75987446.0,82982485,0.81,0.0,171
SPY,5y,8,Long Line Candle,200,,0.4837,,81989541,,,0
SPY,5y,8,Marubozu,-100,1.7387,0.4544,87829112.0,81841313,0.08,0.33,22
SPY,5y,8,Marubozu,-200,,0.4837,,81989541,,,0
SPY,5y,8,Marubozu,100,0.6254,0.4887,79982542.0,82091334,0.8,0.66,46
SPY,5y,8,Marubozu,200,,0.4837,,81989541,,,0
SPY,5y,8,Matching Low,100,-0.0171,0.4894,65336976.0,82182956,0.29,0.0,14
SPY,5y,8,Mat Hold,-100,,0.4837,,81989541,,,0
SPY,5y,8,Mat Hold,100,,0.4837,,81989541,,,0
SPY,5y,8,Morning Doji Star,100,4.2705,0.4825,102074750.0,81973560,1.0,1.0,1
SPY,5y,8,Morning Star,100,2.9415,0.4802,101658315.0,81892090,0.1,0.34,6
SPY,5y,8,On-Neck Pattern,-100,-2.1314,0.4846,85265929.0,81989494,0.43,0.82,3
SPY,5y,8,On-Neck Pattern,100,,0.4837,,81989541,,,0
SPY,5y,8,Piercing Pattern,100,1.7304,0.476,83903384.0,81960199,0.36,0.84,8
SPY,5y,8,Rickshaw Man,100,0.9391,0.4337,77896724.0,82411567,0.07,0.12,118
SPY,5y,8,Rising/Falling Three Methods,-100,,0.4837,,81989541,,,0
SPY,5y,8,Rising/Falling Three Methods,100,,0.4837,,81989541,,,0
SPY,5y,8,Separating Lines,-100,6.6769,0.48,107815662.0,81963017,1.0,1.0,1
SPY,5y,8,Separating Lines,100,2.4301,0.4819,77632212.0,81996070,0.48,0.89,2
SPY,5y,8,Shooting Star,100,,0.4837,,81989541,,,0
SPY,5y,8,Short Line Candle,100,0.2227,0.5154,75049164.0,82594534,0.32,0.0,96
SPY,5y,8,Spinning Top,100,0.45,0.4804,83576624.0,81837787,0.92,0.61,127
SPY,5y,8,Stalled Pattern,100,,0.4837,,81989541,,,0
SPY,5y,8,Stick Sandwich,100,3.8698,0.4804,93693094.0,81963171,0.15,0.19,2
SPY,5y,8,Takuri (Dragonfly Doji with very long lower shadow),100,0.3648,0.4872,72858576.0,82200852,0.87,0.15,23
SPY,5y,8,Tasuki Gap,-100,3.3513,0.4821,71549975.0,81995291,1.0,1.0,1
SPY,5y,8,Tasuki Gap,100,1.2485,0.4774,73902441.0,82032523,0.56,0.24,8
SPY,5y,8,Thrusting Pattern,-100,1.2745,0.4824,89287535.0,81929537,0.17,0.5,10
SPY,5y,8,Thrusting Pattern,100,,0.4837,,81989541,,,0
SPY,5y,8,Tristar Pattern,-100,1.1603,0.4835,74177750.0,81997894,1.0,1.0,1
SPY,5y,8,Tristar Pattern,100,0.3039,0.4844,48371888.0,82016070,1.0,1.0,1
SPY,5y,8,Unique 3 River,100,-3.3521,0.4877,85427875.0,81988605,1.0,1.0,1
SPY,5y,8,Upside Gap Two Crows,100,,0.4837,,81989541,,,0
SPY,5y,8,Upside/Downside Gap Three Methods,-100,0.1063,0.4789,84173750.0,81985509,0.85,0.79,4
SPY,5y,8,Upside/Downside Gap Three Methods,100,3.8934,0.4804,79744700.0,81986059,1.0,1.0,1
SPY,5y,9,Two Crows,100,,0.4837,,81989541,,,0
SPY,5y,9,Three Black Crows,100,,0.4837,,81989541,,,0
SPY,5y,9,Three Inside Up/Down,-100,0.8772,0.5416,86892941.0,81935916,0.75,0.49,15
SPY,5y,9,Three Inside Up/Down,100,1.0444,0.5435,75782430.0,82075078,0.47,0.49,12
SPY,5y,9,Three-Line Strike,-100,6.1607,0.5395,93304644.0,81999556,1.0,1.0,1
SPY,5y,9,Three-Line Strike,-200,,0.5426,,82012323,,,0
SPY,5y,9,Three-Line Strike,100,-2.4203,0.5442,75234178.0,82018911,1.0,1.0,1
SPY,5y,9,Three-Line Strike,200,,0.5426,,82012323,,,0
SPY,5y,9,Three Outside Up/Down,-100,1.2143,0.5235,88056029.0,81871507,0.47,0.43,21
SPY,5y,9,Three Outside Up/Down,100,-0.9358,0.5643,82784234.0,82026353,0.05,0.9,20
SPY,5y,9,Three Stars In The South,100,,0.5426,,82012323,,,0
SPY,5y,9,Three Advancing White Soldiers,100,1.2037,0.5394,66222908.0,82061240,0.51,0.18,4
SPY,5y,9,Abandoned Baby,-100,,0.5426,,82012323,,,0
SPY,5y,9,Abandoned Baby,100,,0.5426,,82012323,,,0
SPY,5y,9,Advance Block,100,,0.5426,,82012323,,,0
SPY,5y,9,Belt-hold,-100,0.9123,0.5216,79369496.0,82130606,0.29,0.3,79
SPY,5y,9,Belt-hold,100,0.6348,0.5363,77258391.0,82501103,0.78,0.06,108
SPY,5y,9,Breakaway,-100,1.2708,0.5416,66292367.0,82021299,1.0,1.0,1
SPY,5y,9,Breakaway,100,,0.5426,,82012323,,,0
SPY,5y,9,Closing Marubozu,-100,1.2868,0.4851,94206487.0,81122436,0.09,0.01,73
SPY,5y,9,Closing Marubozu,100,0.2323,0.5613,81629637.0,82062795,0.37,0.9,143
SPY,5y,9,Concealing Baby Swallow,100,,0.5426,,82012323,,,0
SPY,5y,9,Counterattack,-100,-0.3513,0.5412,85309144.0,82003644,0.77,0.95,2
SPY,5y,9,Counterattack,100,-0.062,0.5467,103155392.0,81949899,0.63,0.42,4
SPY,5y,9,Dark Cloud Cover,100,,0.5426,,82012323,,,0
SPY,5y,9,Doji,100,0.5956,0.5013,80690085.0,82290787,0.75,0.61,162
SPY,5y,9,Doji Star,-100,0.7691,0.5352,70204942.0,82231776,0.61,0.03,19
SPY,5y,9,Doji Star,100,0.4751,0.5389,84568047.0,81989532,0.94,0.65,16
SPY,5y,9,Dragonfly Doji,100,0.5616,0.5404,75009120.0,82200709,0.97,0.25,24
SPY,5y,9,Engulfing Pattern,-100,1.0853,0.522,77782114.0,82171346,0.27,0.29,50
SPY,5y,9,Engulfing Pattern,100,-0.1817,0.569,83572301.0,82011255,0.3,0.69,39
SPY,5y,9,Evening Doji Star,100,,0.5426,,82012323,,,0
SPY,5y,9,Evening Star,100,,0.5426,,82012323,,,0
SPY,5y,9,Up/Down-gap side-by-side white lines,-100,,0.5426,,82012323,,,0
SPY,5y,9,Up/Down-gap side-by-side white lines,100,0.395,0.5458,90830069.0,81990859,0.7,0.66,4
SPY,5y,9,Gravestone Doji,100,-1.016,0.5553,92802092.0,81892248,0.37,0.52,15
SPY,5y,9,Hammer,100,0.295,0.5391,74460425.0,82121833,0.76,0.15,17
SPY,5y,9,Hanging Man,100,,0.5426,,82012323,,,0
SPY,5y,9,Harami Pattern,-100,0.5863,0.5458,82666198.0,81963436,0.94,0.86,52
SPY,5y,9,Harami Pattern,100,0.4733,0.5407,75783438.0,82209814,0.89,0.14,39
SPY,5y,9,Harami Cross Pattern,100,-0.0525,0.547,78704873.0,82058161,0.62,0.69,12
SPY,5y,9,High-Wave Candle,100,0.8114,0.5147,86076969.0,81749588,0.47,0.36,77
SPY,5y,9,Hikkake Pattern,-100,1.2844,0.5155,73928639.0,82348453,0.09,0.03,50
SPY,5y,9,Hikkake Pattern,-200,2.9967,0.5224,84112861.0,81993483,0.09,0.86,8
SPY,5y,9,Hikkake Pattern,100,0.3451,0.5548,88942825.0,81800502,0.8,0.39,38
SPY,5y,9,Hikkake Pattern,200,-0.0632,0.5518,81764865.0,82035895,0.49,0.98,13
SPY,5y,9,Modified Hikkake Pattern,-100,0.6431,0.5425,88522967.0,82006366,1.0,1.0,1
SPY,5y,9,Modified Hikkake Pattern,-200,,0.5426,,82012323,,,0
SPY,5y,9,Modified Hikkake Pattern,100,,0.5426,,82012323,,,0
SPY,5y,9,Modified Hikkake Pattern,200,,0.5426,,82012323,,,0
SPY,5y,9,Homing Pigeon,100,0.8311,0.5367,71729066.0,82138147,0.65,0.06,16
SPY,5y,9,Identical Three Crows,100,,0.5426,,82012323,,,0
SPY,5y,9,In-Neck Pattern,-100,-1.9788,0.5516,115068764.0,81921594,0.29,0.19,4
SPY,5y,9,In-Neck Pattern,100,,0.5426,,82012323,,,0
SPY,5y,9,Inverted Hammer,100,0.1083,0.5497,87013327.0,81915572,0.68,0.62,26
SPY,5y,9,Kicking,-100,,0.5426,,82012323,,,0
SPY,5y,9,Kicking,100,,0.5426,,82012323,,,0
SPY,5y,9,Kicking - bull/bear determined by the longer marubozu,-100,,0.5426,,82012323,,,0
SPY,5y,9,Kicking - bull/bear determined by the longer marubozu,100,,0.5426,,82012323,,,0
SPY,5y,9,Ladder Bottom,100,3.194,0.5396,86229450.0,82000626,0.03,0.06,2
SPY,5y,9,Long Legged Doji,100,0.5956,0.5013,80690085.0,82290787,0.75,0.61,162
SPY,5y,9,Long Line Candle,-100,1.0161,0.5073,85125079.0,81629822,0.16,0.32,100
SPY,5y,9,Long Line Candle,-200,,0.5426,,82012323,,,0
SPY,5y,9,Long Line Candle,100,0.512,0.5352,76238642.0,82947584,0.93,0.0,171
SPY,5y,9,Long Line Candle,200,,0.5426,,82012323,,,0
SPY,5y,9,Marubozu,-100,2.0247,0.5164,86971315.0,81879466,0.06,0.38,22
SPY,5y,9,Marubozu,-200,,0.5426,,82012323,,,0
SPY,5y,9,Marubozu,100,0.5851,0.5417,80542881.0,82081997,0.94,0.75,46
SPY,5y,9,Marubozu,200,,0.5426,,82012323,,,0
SPY,5y,9,Matching Low,100,-0.2086,0.5442,66086984.0,82203797,0.16,0.0,14
SPY,5y,9,Mat Hold,-100,,0.5426,,82012323,,,0
SPY,5y,9,Mat Hold,100,,0.5426,,82012323,,,0
SPY,5y,9,Morning Doji Star,100,4.2114,0.5402,97624333.0,81997261,1.0,1.0,1
SPY,5y,9,Morning Star,100,2.8222,0.5305,101268943.0,81913450,0.11,0.35,6
SPY,5y,9,On-Neck Pattern,-100,-1.4857,0.5463,85763807.0,82008610,0.54,0.83,3
SPY,5y,9,On-Neck Pattern,100,,0.5426,,82012323,,,0
SPY,5y,9,Piercing Pattern,100,1.5615,0.5315,84224172.0,81985263,0.41,0.8,8
SPY,5y,9,Rickshaw Man,100,0.7892,0.4849,77919716.0,82462596,0.31,0.11,118
SPY,5y,9,Rising/Falling Three Methods,-100,,0.5426,,82012323,,,0
SPY,5y,9,Rising/Falling Three Methods,100,,0.5426,,82012323,,,0
SPY,5y,9,Separating Lines,-100,6.6477,0.5383,105652789.0,81986576,1.0,1.0,1
SPY,5y,9,Separating Lines,100,2.5985,0.5397,75166328.0,82020423,0.42,0.81,2
SPY,5y,9,Shooting Star,100,,0.5426,,82012323,,,0
SPY,5y,9,Short Line Candle,100,0.3807,0.5761,75236005.0,82618488,0.56,0.0,96
SPY,5y,9,Spinning Top,100,0.4955,0.533,83792146.0,81834507,0.9,0.56,127
SPY,5y,9,Stalled Pattern,100,,0.5426,,82012323,,,0
SPY,5y,9,Stick Sandwich,100,3.8868,0.5382,89011133.0,81992923,0.17,0.31,2
SPY,5y,9,Takuri (Dragonfly Doji with very long lower shadow),100,0.4972,0.5414,75102276.0,82193274,0.94,0.28,23
SPY,5y,9,Tasuki Gap,-100,3.9205,0.5408,70021411.0,82019655,1.0,1.0,1
SPY,5y,9,Tasuki Gap,100,1.8219,0.5344,74068314.0,82061982,0.37,0.25,8
SPY,5y,9,Thrusting Pattern,-100,1.3982,0.5385,88211099.0,81955362,0.34,0.55,10
SPY,5y,9,Thrusting Pattern,100,,0.5426,,82012323,,,0
SPY,5y,9,Tristar Pattern,-100,1.5493,0.542,73158244.0,82019675,1.0,1.0,1
SPY,5y,9,Tristar Pattern,100,-0.6002,0.5425,48548867.0,82039418,1.0,1.0,1
SPY,5y,9,Unique 3 River,100,-1.6912,0.5453,83111956.0,82012480,1.0,1.0,1
SPY,5y,9,Upside Gap Two Crows,100,,0.5426,,82012323,,,0
SPY,5y,9,Upside/Downside Gap Three Methods,-100,1.1891,0.5398,84942236.0,82001268,0.67,0.73,4
SPY,5y,9,Upside/Downside Gap Three Methods,100,3.6316,0.5397,78128644.0,82010614,1.0,1.0,1
SPY,5y,10,Two Crows,100,,0.5426,,82012323,,,0
SPY,5y,10,Three Black Crows,100,,0.5426,,82012323,,,0
SPY,5y,10,Three Inside Up/Down,-100,1.3632,0.6037,86897982.0,81957349,0.53,0.48,15
SPY,5y,10,Three Inside Up/Down,100,1.1709,0.6005,79015137.0,82099725,0.4,0.71,12
SPY,5y,10,Three-Line Strike,-100,8.5398,0.5984,94004380.0,82024641,1.0,1.0,1
SPY,5y,10,Three-Line Strike,-200,,0.6011,,82036118,,,0
SPY,5y,10,Three-Line Strike,100,-2.4786,0.6027,74577220.0,82041189,1.0,1.0,1
SPY,5y,10,Three-Line Strike,200,,0.6011,,82036118,,,0
SPY,5y,10,Three Outside Up/Down,-100,1.2924,0.5771,87981467.0,81914721,0.49,0.44,21
SPY,5y,10,Three Outside Up/Down,100,-1.1113,0.6253,83949132.0,82033001,0.06,0.74,20
SPY,5y,10,Three Stars In The South,100,,0.6011,,82036118,,,0
SPY,5y,10,Three Advancing White Soldiers,100,1.3811,0.5991,66986882.0,82084145,0.52,0.2,4
SPY,5y,10,Abandoned Baby,-100,,0.6011,,82036118,,,0
SPY,5y,10,Abandoned Baby,100,,0.6011,,82036118,,,0
SPY,5y,10,Advance Block,100,,0.6011,,82036118,,,0
SPY,5y,10,Belt-hold,-100,1.011,0.5808,78953753.0,82177427,0.25,0.22,79
SPY,5y,10,Belt-hold,100,0.5292,0.5972,77269016.0,82485344,0.85,0.05,108
SPY,5y,10,Breakaway,-100,1.9285,0.6,65681140.0,82045853,1.0,1.0,1
SPY,5y,10,Breakaway,100,,0.6011,,82036118,,,0
SPY,5y,10,Closing Marubozu,-100,1.3223,0.5388,93889696.0,81182586,0.13,0.01,73
SPY,5y,10,Closing Marubozu,100,0.3116,0.6477,81371453.0,82074558,0.36,0.83,143
SPY,5y,10,Concealing Baby Swallow,100,,0.6011,,82036118,,,0
SPY,5y,10,Counterattack,-100,-0.1439,0.5996,84297090.0,82029213,0.79,0.97,2
SPY,5y,10,Counterattack,100,-0.0957,0.6045,102858728.0,81977598,0.63,0.42,4
SPY,5y,10,Dark Cloud Cover,100,,0.6011,,82036118,,,0
SPY,5y,10,Doji,100,0.6754,0.5773,80644739.0,82274080,0.73,0.59,162
SPY,5y,10,Doji Star,-100,0.867,0.5973,70025402.0,82226073,0.57,0.02,19
SPY,5y,10,Doji Star,100,0.5219,0.6026,84820904.0,82005820,0.93,0.64,16
SPY,5y,10,Dragonfly Doji,100,0.0214,0.5979,76441375.0,82179834,0.41,0.39,24
SPY,5y,10,Engulfing Pattern,-100,1.281,0.5793,77498700.0,82189416,0.23,0.25,50
SPY,5y,10,Engulfing Pattern,100,-0.2143,0.629,84247387.0,82008402,0.25,0.57,39
SPY,5y,10,Evening Doji Star,100,,0.6011,,82036118,,,0
SPY,5y,10,Evening Star,100,,0.6011,,82036118,,,0
SPY,5y,10,Up/Down-gap side-by-side white lines,-100,,0.6011,,82036118,,,0
SPY,5y,10,Up/Down-gap side-by-side white lines,100,0.0794,0.6036,91172968.0,82014216,0.42,0.63,4
SPY,5y,10,Gravestone Doji,100,0.0814,0.6197,92127546.0,81911557,0.66,0.53,15
SPY,5y,10,Hammer,100,-0.1024,0.5987,75199043.0,82143701,0.33,0.18,17
SPY,5y,10,Hanging Man,100,,0.6011,,82036118,,,0
SPY,5y,10,Harami Pattern,-100,0.7003,0.6056,82775909.0,82009016,0.86,0.85,52
SPY,5y,10,Harami Pattern,100,0.7881,0.598,75366710.0,82243932,0.7,0.11,39
SPY,5y,10,Harami Cross Pattern,100,0.0642,0.6059,79092195.0,82080597,0.66,0.72,12
SPY,5y,10,High-Wave Candle,100,0.9111,0.5787,85783732.0,81750819,0.43,0.38,77
SPY,5y,10,Hikkake Pattern,-100,1.0281,0.5645,73825578.0,82391520,0.27,0.02,50
SPY,5y,10,Hikkake Pattern,-200,3.5111,0.5794,83168674.0,82018870,0.11,0.92,8
SPY,5y,10,Hikkake Pattern,100,0.4867,0.6146,89199223.0,81811616,0.89,0.38,38
SPY,5y,10,Hikkake Pattern,200,0.0228,0.6053,81807913.0,82052203,0.61,0.98,13
SPY,5y,10,Modified Hikkake Pattern,-100,2.0892,0.6003,88807340.0,82030222,1.0,1.0,1
SPY,5y,10,Modified Hikkake Pattern,-200,,0.6011,,82036118,,,0
SPY,5y,10,Modified Hikkake Pattern,100,,0.6011,,82036118,,,0
SPY,5y,10,Modified Hikkake Pattern,200,,0.6011,,82036118,,,0
SPY,5y,10,Homing Pigeon,100,1.2945,0.5955,71721677.0,82167372,0.19,0.05,16
SPY,5y,10,Identical Three Crows,100,,0.6011,,82036118,,,0
SPY,5y,10,In-Neck Pattern,-100,-2.1127,0.6093,115106458.0,81941504,0.24,0.17,4
SPY,5y,10,In-Neck Pattern,100,,0.6011,,82036118,,,0
SPY,5y,10,Inverted Hammer,100,0.525,0.6018,86955450.0,81937958,0.92,0.61,26
SPY,5y,10,Kicking,-100,,0.6011,,82036118,,,0
SPY,5y,10,Kicking,100,,0.6011,,82036118,,,0
SPY,5y,10,Kicking - bull/bear determined by the longer marubozu,-100,,0.6011,,82036118,,,0
SPY,5y,10,Kicking - bull/bear determined by the longer marubozu,100,,0.6011,,82036118,,,0
SPY,5y,10,Ladder Bottom,100,4.3957,0.5991,84369940.0,82025642,0.05,0.37,2
SPY,5y,10,Long Legged Doji,100,0.6754,0.5773,80644739.0,82274080,0.73,0.59,162
SPY,5y,10,Long Line Candle,-100,0.9888,0.5557,85071278.0,81692940,0.29,0.33,100
SPY,5y,10,Long Line Candle,-200,,0.6011,,82036118,,,0
SPY,5y,10,Long Line Candle,100,0.5326,0.607,76345726.0,82941745,0.79,0.0,171
SPY,5y,10,Long Line Candle,200,,0.6011,,82036118,,,0
SPY,5y,10,Marubozu,-100,2.1261,0.5708,86390457.0,81920291,0.07,0.43,22
SPY,5y,10,Marubozu,-200,,0.6011,,82036118,,,0
SPY,5y,10,Marubozu,100,0.6546,0.604,80342383.0,82088255,0.93,0.71,46
SPY,5y,10,Marubozu,200,,0.6011,,82036118,,,0
SPY,5y,10,Matching Low,100,0.2759,0.6056,65868399.0,82220114,0.42,0.0,14
SPY,5y,10,Mat Hold,-100,,0.6011,,82036118,,,0
SPY,5y,10,Mat Hold,100,,0.6011,,82036118,,,0
SPY,5y,10,Morning Doji Star,100,4.3271,0.5988,93445530.0,82024173,1.0,1.0,1
SPY,5y,10,Morning Star,100,3.6868,0.5898,99420935.0,81939378,0.1,0.38,6
SPY,5y,10,On-Neck Pattern,-100,-1.4458,0.6033,84214853.0,82030967,0.5,0.9,3
SPY,5y,10,On-Neck Pattern,100,,0.6011,,82036118,,,0
SPY,5y,10,Piercing Pattern,100,1.7545,0.5915,83955434.0,82008815,0.37,0.81,8
SPY,5y,10,Rickshaw Man,100,0.7283,0.5651,77914943.0,82485023,0.6,0.1,118
SPY,5y,10,Rising/Falling Three Methods,-100,,0.6011,,82036118,,,0
SPY,5y,10,Rising/Falling Three Methods,100,,0.6011,,82036118,,,0
SPY,5y,10,Separating Lines,-100,7.8178,0.5968,102552550.0,82012438,1.0,1.0,1
SPY,5y,10,Separating Lines,100,2.5349,0.598,72834425.0,82047717,0.47,0.73,2
SPY,5y,10,Shooting Star,100,,0.6011,,82036118,,,0
SPY,5y,10,Short Line Candle,100,0.4543,0.6267,75572160.0,82626065,0.62,0.01,96
SPY,5y,10,Spinning Top,100,0.5909,0.5933,83519461.0,81837704,0.99,0.61,127
SPY,5y,10,Stalled Pattern,100,,0.6011,,82036118,,,0
SPY,5y,10,Stick Sandwich,100,4.1881,0.5968,85728325.0,82023571,0.19,0.5,2
SPY,5y,10,Takuri (Dragonfly Doji with very long lower shadow),100,-0.0798,0.5989,76725343.0,82170741,0.35,0.44,23
SPY,5y,10,Tasuki Gap,-100,2.7273,0.5989,70593070.0,82044683,1.0,1.0,1
SPY,5y,10,Tasuki Gap,100,2.2025,0.5895,74531585.0,82085269,0.32,0.26,8
SPY,5y,10,Thrusting Pattern,-100,1.5071,0.5964,86560816.0,81986952,0.32,0.65,10
SPY,5y,10,Thrusting Pattern,100,,0.6011,,82036118,,,0
SPY,5y,10,Tristar Pattern,-100,2.006,0.6002,72675180.0,82044122,1.0,1.0,1
SPY,5y,10,Tristar Pattern,100,0.3456,0.6018,47433850.0,82063112,1.0,1.0,1
SPY,5y,10,Unique 3 River,100,-2.2358,0.6025,79931160.0,82037676,1.0,1.0,1
SPY,5y,10,Upside Gap Two Crows,100,,0.6011,,82036118,,,0
SPY,5y,10,Upside/Downside Gap Three Methods,-100,1.5327,0.595,84888615.0,82023318,0.45,0.74,4
SPY,5y,10,Upside/Downside Gap Three Methods,100,4.0217,0.5984,76690110.0,82035945,1.0,1.0,1
SPY,5y,11,Two Crows,100,,0.6011,,82036118,,,0
SPY,5y,11,Three Black Crows,100,,0.6011,,82036118,,,0
SPY,5y,11,Three Inside Up/Down,-100,1.0307,0.6567,87071048.0,81980877,0.74,0.45,15
SPY,5y,11,Three Inside Up/Down,100,1.2678,0.6585,78927265.0,82088140,0.48,0.68,12
SPY,5y,11,Three-Line Strike,-100,7.8175,0.6548,94243191.0,82045954,1.0,1.0,1
SPY,5y,11,Three-Line Strike,-200,,0.6593,,82057711,,,0
SPY,5y,11,Three-Line Strike,100,-1.9266,0.661,72149055.0,82063319,1.0,1.0,1
SPY,5y,11,Three-Line Strike,200,,0.6593,,82057711,,,0
SPY,5y,11,Three Outside Up/Down,-100,1.5722,0.6349,86755610.0,81939418,0.4,0.53,21
SPY,5y,11,Three Outside Up/Down,100,-1.3349,0.6873,84947679.0,82036858,0.04,0.64,20
SPY,5y,11,Three Stars In The South,100,,0.6593,,82057711,,,0
SPY,5y,11,Three Advancing White Soldiers,100,0.8859,0.657,67545068.0,82103869,0.84,0.23,4
SPY,5y,11,Abandoned Baby,-100,,0.6593,,82057711,,,0
SPY,5y,11,Abandoned Baby,100,,0.6593,,82057711,,,0
SPY,5y,11,Advance Block,100,,0.6593,,82057711,,,0
SPY,5y,11,Belt-hold,-100,1.2455,0.6363,78805656.0,82229705,0.11,0.18,79
SPY,5y,11,Belt-hold,100,0.5199,0.6708,77485425.0,82508344,0.7,0.06,108
SPY,5y,11,Breakaway,-100,1.3799,0.6577,65852436.0,82068181,1.0,1.0,1
SPY,5y,11,Breakaway,100,,0.6593,,82057711,,,0
SPY,5y,11,Closing Marubozu,-100,1.2843,0.5984,93557798.0,81231566,0.22,0.01,73
SPY,5y,11,Closing Marubozu,100,0.3902,0.7032,81499906.0,82130675,0.43,0.85,143
SPY,5y,11,Concealing Baby Swallow,100,,0.6593,,82057711,,,0
SPY,5y,11,Counterattack,-100,0.4453,0.6576,82237364.0,82052464,0.95,1.0,2
SPY,5y,11,Counterattack,100,0.3913,0.6631,102458834.0,81999228,0.75,0.42,4
SPY,5y,11,Dark Cloud Cover,100,,0.6593,,82057711,,,0
SPY,5y,11,Doji,100,0.7334,0.6323,80654190.0,82301498,0.74,0.58,162
SPY,5y,11,Doji Star,-100,0.6698,0.655,70493524.0,82248998,0.98,0.02,19
SPY,5y,11,Doji Star,100,0.518,0.6609,83992364.0,82024447,0.88,0.74,16
SPY,5y,11,Dragonfly Doji,100,0.1891,0.6674,76972911.0,82176413,0.46,0.43,24
SPY,5y,11,Engulfing Pattern,-100,1.3628,0.6318,77406103.0,82225009,0.23,0.24,50
SPY,5y,11,Engulfing Pattern,100,-0.166,0.6902,84982106.0,82008870,0.24,0.45,39
SPY,5y,11,Evening Doji Star,100,,0.6593,,82057711,,,0
SPY,5y,11,Evening Star,100,,0.6593,,82057711,,,0
SPY,5y,11,Up/Down-gap side-by-side white lines,-100,,0.6593,,82057711,,,0
SPY,5y,11,Up/Down-gap side-by-side white lines,100,-0.5458,0.663,91207811.0,82034278,0.41,0.62,4
SPY,5y,11,Gravestone Doji,100,0.4687,0.6653,92400804.0,81940196,0.87,0.52,15
SPY,5y,11,Hammer,100,0.6221,0.6632,75270459.0,82156131,0.95,0.18,17
SPY,5y,11,Hanging Man,100,,0.6593,,82057711,,,0
SPY,5y,11,Harami Pattern,-100,0.7513,0.6614,82966856.0,82027160,0.88,0.81,52
SPY,5y,11,Harami Pattern,100,0.7805,0.648,76477584.0,82278070,0.81,0.16,39
SPY,5y,11,Harami Cross Pattern,100,0.5447,0.6636,79725552.0,82097911,0.93,0.76,12
SPY,5y,11,High-Wave Candle,100,0.9592,0.6342,85554283.0,81793061,0.49,0.4,77
SPY,5y,11,Hikkake Pattern,-100,0.9743,0.6356,73687418.0,82415936,0.45,0.02,50
SPY,5y,11,Hikkake Pattern,-200,3.3575,0.6346,82574268.0,82046482,0.09,0.96,8
SPY,5y,11,Hikkake Pattern,100,0.4774,0.6702,89445985.0,81827068,0.85,0.36,38
SPY,5y,11,Hikkake Pattern,200,-0.4947,0.6632,82729342.0,82072422,0.38,0.96,13
SPY,5y,11,Modified Hikkake Pattern,-100,1.8976,0.6574,86684873.0,82051684,1.0,1.0,1
SPY,5y,11,Modified Hikkake Pattern,-200,,0.6593,,82057711,,,0
SPY,5y,11,Modified Hikkake Pattern,100,,0.6593,,82057711,,,0
SPY,5y,11,Modified Hikkake Pattern,200,,0.6593,,82057711,,,0
SPY,5y,11,Homing Pigeon,100,1.5354,0.6485,71849900.0,82189678,0.21,0.04,16
SPY,5y,11,Identical Three Crows,100,,0.6593,,82057711,,,0
SPY,5y,11,In-Neck Pattern,-100,-0.8167,0.6682,115651484.0,81961926,0.27,0.15,4
SPY,5y,11,In-Neck Pattern,100,,0.6593,,82057711,,,0
SPY,5y,11,Inverted Hammer,100,0.7013,0.6524,86828508.0,81960348,0.95,0.62,26
SPY,5y,11,Kicking,-100,,0.6593,,82057711,,,0
SPY,5y,11,Kicking,100,,0.6593,,82057711,,,0
SPY,5y,11,Kicking - bull/bear determined by the longer marubozu,-100,,0.6593,,82057711,,,0
SPY,5y,11,Kicking - bull/bear determined by the longer marubozu,100,,0.6593,,82057711,,,0
SPY,5y,11,Ladder Bottom,100,4.8052,0.6555,83504473.0,82050319,0.08,0.62,2
SPY,5y,11,Long Legged Doji,100,0.7334,0.6323,80654190.0,82301498,0.74,0.58,162
SPY,5y,11,Long Line Candle,-100,1.0254,0.6213,85138324.0,81727124,0.37,0.33,100
SPY,5y,11,Long Line Candle,-200,,0.6593,,82057711,,,0
SPY,5y,11,Long Line Candle,100,0.5877,0.671,76341659.0,82944660,0.78,0.0,171
SPY,5y,11,Long Line Candle,200,,0.6593,,82057711,,,0
SPY,5y,11,Marubozu,-100,2.3613,0.6282,85562974.0,81954143,0.06,0.51,22
SPY,5y,11,Marubozu,-200,,0.6593,,82057711,,,0
SPY,5y,11,Marubozu,100,0.8813,0.6618,80469811.0,82118156,0.73,0.72,46
SPY,5y,11,Marubozu,200,,0.6593,,82057711,,,0
SPY,5y,11,Matching Low,100,0.145,0.659,65622752.0,82244081,0.21,0.0,14
SPY,5y,11,Mat Hold,-100,,0.6593,,82057711,,,0
SPY,5y,11,Mat Hold,100,,0.6593,,82057711,,,0
SPY,5y,11,Morning Doji Star,100,4.8018,0.657,90210764.0,82048773,1.0,1.0,1
SPY,5y,11,Morning Star,100,4.1159,0.6442,99330930.0,81969469,0.12,0.38,6
SPY,5y,11,On-Neck Pattern,-100,-0.0578,0.6616,84309315.0,82055656,0.71,0.9,3
SPY,5y,11,On-Neck Pattern,100,,0.6593,,82057711,,,0
SPY,5y,11,Piercing Pattern,100,1.5241,0.6488,83083903.0,82033303,0.55,0.89,8
SPY,5y,11,Rickshaw Man,100,0.7063,0.6357,78123723.0,82507992,0.84,0.11,118
SPY,5y,11,Rising/Falling Three Methods,-100,,0.6593,,82057711,,,0
SPY,5y,11,Rising/Falling Three Methods,100,,0.6593,,82057711,,,0
SPY,5y,11,Separating Lines,-100,6.53,0.6542,100450145.0,82036723,1.0,1.0,1
SPY,5y,11,Separating Lines,100,2.9421,0.6564,71144418.0,82072709,0.43,0.67,2
SPY,5y,11,Shooting Star,100,,0.6593,,82057711,,,0
SPY,5y,11,Short Line Candle,100,0.5221,0.6837,75891180.0,82621112,0.64,0.01,96
SPY,5y,11,Spinning Top,100,0.7078,0.6474,83352423.0,81889413,0.86,0.65,127
SPY,5y,11,Stalled Pattern,100,,0.6593,,82057711,,,0
SPY,5y,11,Stick Sandwich,100,4.4134,0.6546,83227277.0,82050107,0.26,0.8,2
SPY,5y,11,Takuri (Dragonfly Doji with very long lower shadow),100,0.1114,0.6685,77364532.0,82165406,0.41,0.48,23
SPY,5y,11,Tasuki Gap,-100,2.0833,0.6581,70881573.0,82065982,1.0,1.0,1
SPY,5y,11,Tasuki Gap,100,2.3524,0.6457,74646551.0,82104528,0.32,0.28,8
SPY,5y,11,Thrusting Pattern,-100,1.904,0.6542,85852398.0,82020744,0.31,0.7,10
SPY,5y,11,Thrusting Pattern,100,,0.6593,,82057711,,,0
SPY,5y,11,Tristar Pattern,-100,3.385,0.6581,74548164.0,82066012,1.0,1.0,1
SPY,5y,11,Tristar Pattern,100,1.0382,0.6593,46568245.0,82085545,1.0,1.0,1
SPY,5y,11,Unique 3 River,100,-1.4776,0.6612,82126609.0,82061389,1.0,1.0,1
SPY,5y,11,Upside Gap Two Crows,100,,0.6593,,82057711,,,0
SPY,5y,11,Upside/Downside Gap Three Methods,-100,1.0315,0.6523,83731493.0,82045442,0.76,0.85,4
SPY,5y,11,Upside/Downside Gap Three Methods,100,4.1243,0.6564,75507464.0,82058907,1.0,1.0,1
SPY,5y,12,Two Crows,100,,0.6593,,82057711,,,0
SPY,5y,12,Three Black Crows,100,,0.6593,,82057711,,,0
SPY,5y,12,Three Inside Up/Down,-100,0.6418,0.7196,86879108.0,81996422,0.94,0.46,15
SPY,5y,12,Three Inside Up/Down,100,1.6125,0.7162,79333780.0,82104599,0.28,0.7,12
SPY,5y,12,Three-Line Strike,-100,7.3799,0.7135,93506892.0,82061817,1.0,1.0,1
SPY,5y,12,Three-Line Strike,-200,,0.7174,,82073566,,,0
SPY,5y,12,Three-Line Strike,100,-3.0915,0.7187,72445592.0,82081011,1.0,1.0,1
SPY,5y,12,Three-Line Strike,200,,0.7174,,82073566,,,0
SPY,5y,12,Three Outside Up/Down,-100,1.7578,0.6892,86814927.0,81976114,0.36,0.53,21
SPY,5y,12,Three Outside Up/Down,100,-0.5486,0.75,85487669.0,82037190,0.15,0.59,20
SPY,5y,12,Three Stars In The South,100,,0.7174,,82073566,,,0
SPY,5y,12,Three Advancing White Soldiers,100,-0.0716,0.7168,68793954.0,82118359,0.6,0.27,4
SPY,5y,12,Abandoned Baby,-100,,0.7174,,82073566,,,0
SPY,5y,12,Abandoned Baby,100,,0.7174,,82073566,,,0
SPY,5y,12,Advance Block,100,,0.7174,,82073566,,,0
SPY,5y,12,Belt-hold,-100,1.5231,0.6824,78404237.0,82259135,0.03,0.13,79
SPY,5y,12,Belt-hold,100,0.5197,0.7352,77725063.0,82507350,0.6,0.07,108
SPY,5y,12,Breakaway,-100,1.4965,0.7163,65381342.0,82084154,1.0,1.0,1
SPY,5y,12,Breakaway,100,,0.7174,,82073566,,,0
SPY,5y,12,Closing Marubozu,-100,1.3248,0.6624,92883905.0,81274179,0.25,0.02,73
SPY,5y,12,Closing Marubozu,100,0.4164,0.7587,81609265.0,82134713,0.41,0.87,143
SPY,5y,12,Concealing Baby Swallow,100,,0.7174,,82073566,,,0
SPY,5y,12,Counterattack,-100,1.7708,0.7148,80274871.0,82071513,0.79,0.97,2
SPY,5y,12,Counterattack,100,-0.3618,0.7198,101441104.0,82015561,0.37,0.43,4
SPY,5y,12,Dark Cloud Cover,100,,0.7174,,82073566,,,0
SPY,5y,12,Doji,100,0.9019,0.6904,80548209.0,82315650,0.51,0.55,162
SPY,5y,12,Doji Star,-100,0.8812,0.7168,70758550.0,82257695,0.79,0.02,19
SPY,5y,12,Doji Star,100,0.2161,0.7198,83839933.0,82050139,0.63,0.76,16
SPY,5y,12,Dragonfly Doji,100,-0.0946,0.7234,77692749.0,82182401,0.29,0.49,24
SPY,5y,12,Engulfing Pattern,-100,1.6018,0.6889,76896953.0,82247144,0.16,0.18,50
SPY,5y,12,Engulfing Pattern,100,-0.1943,0.7486,85374475.0,82001612,0.22,0.4,39
SPY,5y,12,Evening Doji Star,100,,0.7174,,82073566,,,0
SPY,5y,12,Evening Star,100,,0.7174,,82073566,,,0
SPY,5y,12,Up/Down-gap side-by-side white lines,-100,,0.7174,,82073566,,,0
SPY,5y,12,Up/Down-gap side-by-side white lines,100,-0.4241,0.7233,92960952.0,82049570,0.55,0.56,4
SPY,5y,12,Gravestone Doji,100,0.9697,0.7194,92105082.0,81952671,0.78,0.53,15
SPY,5y,12,Hammer,100,0.0244,0.7121,76036291.0,82171077,0.29,0.24,17
SPY,5y,12,Hanging Man,100,,0.7174,,82073566,,,0
SPY,5y,12,Harami Pattern,-100,0.8511,0.7198,82576649.0,82035998,0.82,0.89,52
SPY,5y,12,Harami Pattern,100,1.0549,0.7085,76328836.0,82254699,0.55,0.13,39
SPY,5y,12,Harami Cross Pattern,100,0.8187,0.7175,79403886.0,82107357,0.94,0.72,12
SPY,5y,12,High-Wave Candle,100,1.1844,0.6929,85317528.0,81825362,0.32,0.43,77
SPY,5y,12,Hikkake Pattern,-100,1.0979,0.6982,73739025.0,82436128,0.38,0.02,50
SPY,5y,12,Hikkake Pattern,-200,3.2387,0.6941,82579881.0,82066289,0.05,0.96,8
SPY,5y,12,Hikkake Pattern,100,1.1557,0.7304,89229537.0,81836630,0.66,0.37,38
SPY,5y,12,Hikkake Pattern,200,-1.0382,0.7273,83266344.0,82078542,0.35,0.93,13
SPY,5y,12,Modified Hikkake Pattern,-100,2.1153,0.7156,84796317.0,82069160,1.0,1.0,1
SPY,5y,12,Modified Hikkake Pattern,-200,,0.7174,,82073566,,,0
SPY,5y,12,Modified Hikkake Pattern,100,,0.7174,,82073566,,,0
SPY,5y,12,Modified Hikkake Pattern,200,,0.7174,,82073566,,,0
SPY,5y,12,Homing Pigeon,100,1.8223,0.7042,72225971.0,82204515,0.17,0.04,16
SPY,5y,12,Identical Three Crows,100,,0.7174,,82073566,,,0
SPY,5y,12,In-Neck Pattern,-100,-2.4941,0.7223,116106738.0,81975264,0.15,0.14,4
SPY,5y,12,In-Neck Pattern,100,,0.7174,,82073566,,,0
SPY,5y,12,Inverted Hammer,100,0.9237,0.7079,87201574.0,81978362,0.76,0.59,26
SPY,5y,12,Kicking,-100,,0.7174,,82073566,,,0
SPY,5y,12,Kicking,100,,0.7174,,82073566,,,0
SPY,5y,12,Kicking - bull/bear determined by the longer marubozu,-100,,0.7174,,82073566,,,0
SPY,5y,12,Kicking - bull/bear determined by the longer marubozu,100,,0.7174,,82073566,,,0
SPY,5y,12,Ladder Bottom,100,4.9629,0.713,80752917.0,82067775,0.05,0.78,2
SPY,5y,12,Long Legged Doji,100,0.9019,0.6904,80548209.0,82315650,0.51,0.55,162
SPY,5y,12,Long Line Candle,-100,1.3277,0.6812,84677293.0,81744370,0.14,0.4,100
SPY,5y,12,Long Line Candle,-200,,0.7174,,82073566,,,0
SPY,5y,12,Long Line Candle,100,0.5571,0.7296,76439596.0,82965122,0.58,0.0,171
SPY,5y,12,Long Line Candle,200,,0.7174,,82073566,,,0
SPY,5y,12,Marubozu,-100,2.7946,0.6831,84325504.0,81985979,0.02,0.66,22
SPY,5y,12,Marubozu,-200,,0.7174,,82073566,,,0
SPY,5y,12,Marubozu,100,0.7869,0.7134,80654157.0,82130629,0.91,0.75,46
SPY,5y,12,Marubozu,200,,0.7174,,82073566,,,0
SPY,5y,12,Matching Low,100,0.542,0.7192,66565962.0,82262613,0.75,0.0,14
SPY,5y,12,Mat Hold,-100,,0.7174,,82073566,,,0
SPY,5y,12,Mat Hold,100,,0.7174,,82073566,,,0
SPY,5y,12,Morning Doji Star,100,5.5288,0.7147,87785250.0,82066998,1.0,1.0,1
SPY,5y,12,Morning Star,100,3.7286,0.7004,97580394.0,81986086,0.15,0.41,6
SPY,5y,12,On-Neck Pattern,-100,-1.3965,0.7165,87091781.0,82071076,0.53,0.8,3
SPY,5y,12,On-Neck Pattern,100,,0.7174,,82073566,,,0
SPY,5y,12,Piercing Pattern,100,2.3206,0.7088,82787420.0,82055417,0.24,0.92,8
SPY,5y,12,Rickshaw Man,100,0.8768,0.7022,78074540.0,82504441,0.64,0.1,118
SPY,5y,12,Rising/Falling Three Methods,-100,,0.7174,,82073566,,,0
SPY,5y,12,Rising/Falling Three Methods,100,,0.7174,,82073566,,,0
SPY,5y,12,Separating Lines,-100,8.0374,0.7133,97474042.0,82054500,1.0,1.0,1
SPY,5y,12,Separating Lines,100,3.2162,0.7139,70149892.0,82091076,0.47,0.62,2
SPY,5y,12,Shooting Star,100,,0.7174,,82073566,,,0
SPY,5y,12,Short Line Candle,100,0.4971,0.741,76097363.0,82611501,0.51,0.01,96
SPY,5y,12,Spinning Top,100,0.8437,0.6989,83362682.0,81924413,0.71,0.65,127
SPY,5y,12,Stalled Pattern,100,,0.7174,,82073566,,,0
SPY,5y,12,Stick Sandwich,100,4.3056,0.7124,81372600.0,82069809,0.29,0.86,2
SPY,5y,12,Takuri (Dragonfly Doji with very long lower shadow),100,-0.152,0.7242,77970109.0,82170107,0.28,0.53,23
SPY,5y,12,Tasuki Gap,-100,2.8125,0.7167,68999192.0,82081721,1.0,1.0,1
SPY,5y,12,Tasuki Gap,100,2.523,0.7031,74787079.0,82119990,0.32,0.29,8
SPY,5y,12,Thrusting Pattern,-100,1.2125,0.7096,85982218.0,82041998,0.67,0.69,10
SPY,5y,12,Thrusting Pattern,100,,0.7174,,82073566,,,0
SPY,5y,12,Tristar Pattern,-100,3.706,0.7151,78254650.0,82080443,1.0,1.0,1
SPY,5y,12,Tristar Pattern,100,0.8632,0.7169,46365733.0,82102068,1.0,1.0,1
SPY,5y,12,Unique 3 River,100,-0.8356,0.7187,82674283.0,82075478,1.0,1.0,1
SPY,5y,12,Upside Gap Two Crows,100,,0.7174,,82073566,,,0
SPY,5y,12,Upside/Downside Gap Three Methods,-100,0.7107,0.7121,83139238.0,82065017,1.0,0.91,4
SPY,5y,12,Upside/Downside Gap Three Methods,100,4.1512,0.7144,74156667.0,82075905,1.0,1.0,1
SPY,5y,13,Two Crows,100,,0.7174,,82073566,,,0
SPY,5y,13,Three Black Crows,100,,0.7174,,82073566,,,0
SPY,5y,13,Three Inside Up/Down,-100,1.0718,0.7827,86581291.0,82018004,0.8,0.48,15
SPY,5y,13,Three Inside Up/Down,100,0.9139,0.7714,80722662.0,82119221,0.9,0.84,12
SPY,5y,13,Three-Line Strike,-100,4.8703,0.7716,96082546.0,82080534,1.0,1.0,1
SPY,5y,13,Three-Line Strike,-200,,0.7751,,82091579,,,0
SPY,5y,13,Three-Line Strike,100,-3.8254,0.7774,73034946.0,82098865,1.0,1.0,1
SPY,5y,13,Three-Line Strike,200,,0.7751,,82091579,,,0
SPY,5y,13,Three Outside Up/Down,-100,1.8385,0.7447,86608107.0,81994741,0.37,0.54,21
SPY,5y,13,Three Outside Up/Down,100,-0.4185,0.7959,85666162.0,82046520,0.21,0.59,20
SPY,5y,13,Three Stars In The South,100,,0.7751,,82091579,,,0
SPY,5y,13,Three Advancing White Soldiers,100,0.0526,0.7778,68736821.0,82132904,0.52,0.27,4
SPY,5y,13,Abandoned Baby,-100,,0.7751,,82091579,,,0
SPY,5y,13,Abandoned Baby,100,,0.7751,,82091579,,,0
SPY,5y,13,Advance Block,100,,0.7751,,82091579,,,0
SPY,5y,13,Belt-hold,-100,1.7051,0.7252,78265107.0,82306378,0.01,0.1,79
SPY,5y,13,Belt-hold,100,0.6041,0.7984,77859253.0,82506427,0.65,0.08,108
SPY,5y,13,Breakaway,-100,2.3588,0.7739,66769762.0,82102727,1.0,1.0,1
SPY,5y,13,Breakaway,100,,0.7751,,82091579,,,0
SPY,5y,13,Closing Marubozu,-100,1.3011,0.7211,92848669.0,81337898,0.36,0.02,73
SPY,5y,13,Closing Marubozu,100,0.6208,0.8205,81599503.0,82143039,0.62,0.87,143
SPY,5y,13,Concealing Baby Swallow,100,,0.7751,,82091579,,,0
SPY,5y,13,Counterattack,-100,2.7842,0.7705,80771112.0,82092606,0.43,0.98,2
SPY,5y,13,Counterattack,100,0.2773,0.7801,100796950.0,82036025,0.61,0.43,4
SPY,5y,13,Dark Cloud Cover,100,,0.7751,,82091579,,,0
SPY,5y,13,Doji,100,0.9644,0.7318,80637496.0,82348430,0.52,0.56,162
SPY,5y,13,Doji Star,-100,1.1569,0.7723,71390463.0,82271426,0.56,0.03,19
SPY,5y,13,Doji Star,100,0.2922,0.7822,83628868.0,82070082,0.66,0.79,16
SPY,5y,13,Dragonfly Doji,100,-0.3115,0.7875,79061361.0,82187342,0.26,0.64,24
SPY,5y,13,Engulfing Pattern,-100,1.7144,0.739,77145042.0,82287380,0.15,0.2,50
SPY,5y,13,Engulfing Pattern,100,0.3056,0.8091,85673208.0,82006740,0.48,0.36,39
SPY,5y,13,Evening Doji Star,100,,0.7751,,82091579,,,0
SPY,5y,13,Evening Star,100,,0.7751,,82091579,,,0
SPY,5y,13,Up/Down-gap side-by-side white lines,-100,,0.7751,,82091579,,,0
SPY,5y,13,Up/Down-gap side-by-side white lines,100,0.8052,0.7808,93781108.0,82061989,0.99,0.51,4
SPY,5y,13,Gravestone Doji,100,0.3871,0.7717,91953923.0,81973754,0.73,0.52,15
SPY,5y,13,Hammer,100,-0.1152,0.7789,77679714.0,82179370,0.21,0.4,17
SPY,5y,13,Hanging Man,100,,0.7751,,82091579,,,0
SPY,5y,13,Harami Pattern,-100,1.0401,0.7757,82092688.0,82070362,0.64,1.0,52
SPY,5y,13,Harami Pattern,100,1.3223,0.7594,76645452.0,82277360,0.34,0.14,39
SPY,5y,13,Harami Cross Pattern,100,1.4856,0.7732,79788454.0,82127619,0.59,0.75,12
SPY,5y,13,High-Wave Candle,100,1.1743,0.7399,85310378.0,81860273,0.46,0.43,77
SPY,5y,13,Hikkake Pattern,-100,1.2034,0.7532,73894708.0,82451748,0.35,0.02,50
SPY,5y,13,Hikkake Pattern,-200,3.5959,0.7529,81768100.0,82084690,0.07,0.98,8
SPY,5y,13,Hikkake Pattern,100,0.9295,0.7686,91077404.0,81861691,0.88,0.27,38
SPY,5y,13,Hikkake Pattern,200,-0.7995,0.7914,84050308.0,82090604,0.31,0.88,13
SPY,5y,13,Modified Hikkake Pattern,-100,1.7695,0.7732,84840700.0,82088639,1.0,1.0,1
SPY,5y,13,Modified Hikkake Pattern,-200,,0.7751,,82091579,,,0
SPY,5y,13,Modified Hikkake Pattern,100,,0.7751,,82091579,,,0
SPY,5y,13,Modified Hikkake Pattern,200,,0.7751,,82091579,,,0
SPY,5y,13,Homing Pigeon,100,2.3021,0.7589,72899103.0,82218507,0.1,0.06,16
SPY,5y,13,Identical Three Crows,100,,0.7751,,82091579,,,0
SPY,5y,13,In-Neck Pattern,-100,-2.1312,0.7856,115743113.0,81991144,0.23,0.14,4
SPY,5y,13,In-Neck Pattern,100,,0.7751,,82091579,,,0
SPY,5y,13,Inverted Hammer,100,0.7392,0.7621,86962685.0,81988864,0.98,0.6,26
SPY,5y,13,Kicking,-100,,0.7751,,82091579,,,0
SPY,5y,13,Kicking,100,,0.7751,,82091579,,,0
SPY,5y,13,Kicking - bull/bear determined by the longer marubozu,-100,,0.7751,,82091579,,,0
SPY,5y,13,Kicking - bull/bear determined by the longer marubozu,100,,0.7751,,82091579,,,0
SPY,5y,13,Ladder Bottom,100,4.9139,0.7706,79633750.0,82090168,0.17,0.58,2
SPY,5y,13,Long Legged Doji,100,0.9644,0.7318,80637496.0,82348430,0.52,0.56,162
SPY,5y,13,Long Line Candle,-100,1.4436,0.7175,85007219.0,81805592,0.15,0.35,100
SPY,5y,13,Long Line Candle,-200,,0.7751,,82091579,,,0
SPY,5y,13,Long Line Candle,100,0.6901,0.8012,76596516.0,82973201,0.73,0.0,171
SPY,5y,13,Long Line Candle,200,,0.7751,,82091579,,,0
SPY,5y,13,Marubozu,-100,3.2428,0.734,83974652.0,82026708,0.0,0.7,22
SPY,5y,13,Marubozu,-200,,0.7751,,82091579,,,0
SPY,5y,13,Marubozu,100,0.9367,0.7769,80664486.0,82143193,0.81,0.75,46
SPY,5y,13,Marubozu,200,,0.7751,,82091579,,,0
SPY,5y,13,Matching Low,100,0.8269,0.773,67010302.0,82270921,0.92,0.0,14
SPY,5y,13,Mat Hold,-100,,0.7751,,82091579,,,0
SPY,5y,13,Mat Hold,100,,0.7751,,82091579,,,0
SPY,5y,13,Morning Doji Star,100,5.5653,0.7719,85394454.0,82086823,1.0,1.0,1
SPY,5y,13,Morning Star,100,4.1511,0.7603,96402554.0,82012247,0.19,0.43,6
SPY,5y,13,On-Neck Pattern,-100,-1.2889,0.7776,87789328.0,82082703,0.58,0.78,3
SPY,5y,13,On-Neck Pattern,100,,0.7751,,82091579,,,0
SPY,5y,13,Piercing Pattern,100,2.6485,0.7617,82723452.0,82076196,0.14,0.93,8
SPY,5y,13,Rickshaw Man,100,1.0423,0.748,78097756.0,82528115,0.49,0.11,118
SPY,5y,13,Rising/Falling Three Methods,-100,,0.7751,,82091579,,,0
SPY,5y,13,Rising/Falling Three Methods,100,,0.7751,,82091579,,,0
SPY,5y,13,Separating Lines,-100,8.5258,0.7699,95906908.0,82075052,1.0,1.0,1
SPY,5y,13,Separating Lines,100,3.0936,0.7713,69733242.0,82110614,0.52,0.57,2
SPY,5y,13,Shooting Star,100,,0.7751,,82091579,,,0
SPY,5y,13,Short Line Candle,100,0.3684,0.8054,76293756.0,82612763,0.26,0.02,96
SPY,5y,13,Spinning Top,100,0.8352,0.7479,83372137.0,81943751,0.84,0.65,127
SPY,5y,13,Stalled Pattern,100,,0.7751,,82091579,,,0
SPY,5y,13,Stick Sandwich,100,4.7433,0.7704,80083138.0,82090749,0.25,0.51,2
SPY,5y,13,Takuri (Dragonfly Doji with very long lower shadow),100,-0.4144,0.7877,79472111.0,82177552,0.23,0.69,23
SPY,5y,13,Tasuki Gap,-100,2.1783,0.7739,68114254.0,82101216,1.0,1.0,1
SPY,5y,13,Tasuki Gap,100,1.0885,0.7601,75638054.0,82137439,0.84,0.38,8
SPY,5y,13,Thrusting Pattern,-100,1.0773,0.7733,85325318.0,82059238,0.77,0.74,10
SPY,5y,13,Thrusting Pattern,100,,0.7751,,82091579,,,0
SPY,5y,13,Tristar Pattern,-100,3.1382,0.7726,83105777.0,82095662,1.0,1.0,1
SPY,5y,13,Tristar Pattern,100,1.4621,0.7748,46050523.0,82120271,1.0,1.0,1
SPY,5y,13,Unique 3 River,100,-1.7851,0.776,83194038.0,82092951,1.0,1.0,1
SPY,5y,13,Upside Gap Two Crows,100,,0.7751,,82091579,,,0
SPY,5y,13,Upside/Downside Gap Three Methods,-100,1.5813,0.7711,83860015.0,82085091,0.4,0.86,4
SPY,5y,13,Upside/Downside Gap Three Methods,100,3.7436,0.7722,75100031.0,82095163,1.0,1.0,1
SPY,5y,14,Two Crows,100,,0.7751,,82091579,,,0
SPY,5y,14,Three Black Crows,100,,0.7751,,82091579,,,0
SPY,5y,14,Three Inside Up/Down,-100,1.4467,0.837,86025431.0,82042007,0.56,0.52,15
SPY,5y,14,Three Inside Up/Down,100,0.8525,0.837,81061308.0,82127057,0.99,0.88,12
SPY,5y,14,Three-Line Strike,-100,3.8406,0.8325,95440943.0,82098115,1.0,1.0,1
SPY,5y,14,Three-Line Strike,-200,,0.8339,,82110944,,,0
SPY,5y,14,Three-Line Strike,100,-4.5873,0.8369,74654686.0,82117845,1.0,1.0,1
SPY,5y,14,Three-Line Strike,200,,0.8339,,82110944,,,0
SPY,5y,14,Three Outside Up/Down,-100,2.2385,0.8031,86604439.0,82018786,0.27,0.54,21
SPY,5y,14,Three Outside Up/Down,100,-0.3624,0.8536,85332308.0,82062714,0.2,0.62,20
SPY,5y,14,Three Stars In The South,100,,0.8339,,82110944,,,0
SPY,5y,14,Three Advancing White Soldiers,100,0.137,0.8364,68051630.0,82152646,0.5,0.26,4
SPY,5y,14,Abandoned Baby,-100,,0.8339,,82110944,,,0
SPY,5y,14,Abandoned Baby,100,,0.8339,,82110944,,,0
SPY,5y,14,Advance Block,100,,0.8339,,82110944,,,0
SPY,5y,14,Belt-hold,-100,1.7809,0.7756,78175217.0,82338505,0.01,0.08,79
SPY,5y,14,Belt-hold,100,0.5365,0.8548,78087747.0,82515947,0.49,0.09,108
SPY,5y,14,Breakaway,-100,0.8067,0.8321,69983450.0,82121243,1.0,1.0,1
SPY,5y,14,Breakaway,100,,0.8339,,82110944,,,0
SPY,5y,14,Closing Marubozu,-100,1.6094,0.7851,92501891.0,81365690,0.2,0.02,73
SPY,5y,14,Closing Marubozu,100,0.6481,0.8605,81565144.0,82166939,0.62,0.85,143
SPY,5y,14,Concealing Baby Swallow,100,,0.8339,,82110944,,,0
SPY,5y,14,Counterattack,-100,4.4797,0.8278,80929561.0,82111397,0.39,0.98,2
SPY,5y,14,Counterattack,100,0.1768,0.8371,100110796.0,82056850,0.49,0.42,4
SPY,5y,14,Dark Cloud Cover,100,,0.8339,,82110944,,,0
SPY,5y,14,Doji,100,1.0377,0.79,80953921.0,82356562,0.5,0.63,162
SPY,5y,14,Doji Star,-100,1.1561,0.8279,71326808.0,82281635,0.62,0.03,19
SPY,5y,14,Doji Star,100,0.8757,0.8408,83199520.0,82092145,0.97,0.85,16
SPY,5y,14,Dragonfly Doji,100,-0.2549,0.8516,80433233.0,82182284,0.36,0.8,24
SPY,5y,14,Engulfing Pattern,-100,1.7119,0.7955,77131770.0,82299613,0.18,0.19,50
SPY,5y,14,Engulfing Pattern,100,0.321,0.8537,85837662.0,82016159,0.49,0.35,39
SPY,5y,14,Evening Doji Star,100,,0.8339,,82110944,,,0
SPY,5y,14,Evening Star,100,,0.8339,,82110944,,,0
SPY,5y,14,Up/Down-gap side-by-side white lines,-100,,0.8339,,82110944,,,0
SPY,5y,14,Up/Down-gap side-by-side white lines,100,0.8695,0.8359,94310377.0,82078546,0.98,0.47,4
SPY,5y,14,Gravestone Doji,100,0.361,0.8384,91647464.0,81994666,0.65,0.52,15
SPY,5y,14,Hammer,100,-0.2115,0.8405,78391393.0,82177648,0.23,0.48,17
SPY,5y,14,Hanging Man,100,,0.8339,,82110944,,,0
SPY,5y,14,Harami Pattern,-100,1.1425,0.8289,81563894.0,82110163,0.57,0.88,52
SPY,5y,14,Harami Pattern,100,1.1515,0.8116,76809875.0,82287914,0.6,0.15,39
SPY,5y,14,Harami Cross Pattern,100,1.3489,0.8261,79399360.0,82143017,0.73,0.71,12
SPY,5y,14,High-Wave Candle,100,1.3584,0.8031,85491768.0,81882861,0.35,0.41,77
SPY,5y,14,Hikkake Pattern,-100,1.2749,0.8101,74282618.0,82464996,0.34,0.02,50
SPY,5y,14,Hikkake Pattern,-200,3.7997,0.8098,81818381.0,82109321,0.04,0.98,8
SPY,5y,14,Hikkake Pattern,100,1.3309,0.8354,90987095.0,81834549,0.6,0.27,38
SPY,5y,14,Hikkake Pattern,200,-1.0252,0.8484,84571827.0,82101668,0.31,0.86,13
SPY,5y,14,Modified Hikkake Pattern,-100,2.3744,0.8324,83205850.0,82108039,1.0,1.0,1
SPY,5y,14,Modified Hikkake Pattern,-200,,0.8339,,82110944,,,0
SPY,5y,14,Modified Hikkake Pattern,100,,0.8339,,82110944,,,0
SPY,5y,14,Modified Hikkake Pattern,200,,0.8339,,82110944,,,0
SPY,5y,14,Homing Pigeon,100,2.0544,0.8122,73068628.0,82230192,0.2,0.07,16
SPY,5y,14,Identical Three Crows,100,,0.8339,,82110944,,,0
SPY,5y,14,In-Neck Pattern,-100,-2.6918,0.8434,114799650.0,82010922,0.3,0.14,4
SPY,5y,14,In-Neck Pattern,100,,0.8339,,82110944,,,0
SPY,5y,14,Inverted Hammer,100,1.2533,0.8261,87063760.0,82012845,0.61,0.58,26
SPY,5y,14,Kicking,-100,,0.8339,,82110944,,,0
SPY,5y,14,Kicking,100,,0.8339,,82110944,,,0
SPY,5y,14,Kicking - bull/bear determined by the longer marubozu,-100,,0.8339,,82110944,,,0
SPY,5y,14,Kicking - bull/bear determined by the longer marubozu,100,,0.8339,,82110944,,,0
SPY,5y,14,Ladder Bottom,100,4.7869,0.8296,78399475.0,82111491,0.18,0.49,2
SPY,5y,14,Long Legged Doji,100,1.0377,0.79,80953921.0,82356562,0.5,0.63,162
SPY,5y,14,Long Line Candle,-100,1.7036,0.7708,84559584.0,81806156,0.05,0.42,100
SPY,5y,14,Long Line Candle,-200,,0.8339,,82110944,,,0
SPY,5y,14,Long Line Candle,100,0.6212,0.8484,76773085.0,82973959,0.5,0.01,171
SPY,5y,14,Long Line Candle,200,,0.8339,,82110944,,,0
SPY,5y,14,Marubozu,-100,3.6729,0.7858,83684006.0,82053998,0.0,0.75,22
SPY,5y,14,Marubozu,-200,,0.8339,,82110944,,,0
SPY,5y,14,Marubozu,100,0.8558,0.8323,80824862.0,82163229,0.97,0.77,46
SPY,5y,14,Marubozu,200,,0.8339,,82110944,,,0
SPY,5y,14,Matching Low,100,0.488,0.8293,67565532.0,82285758,0.58,0.0,14
SPY,5y,14,Mat Hold,-100,,0.8339,,82110944,,,0
SPY,5y,14,Mat Hold,100,,0.8339,,82110944,,,0
SPY,5y,14,Morning Doji Star,100,5.8616,0.8307,83334207.0,82107998,1.0,1.0,1
SPY,5y,14,Morning Star,100,4.0474,0.8173,94960082.0,82037252,0.14,0.46,6
SPY,5y,14,On-Neck Pattern,-100,-2.4979,0.8363,88083981.0,82100313,0.51,0.79,3
SPY,5y,14,On-Neck Pattern,100,,0.8339,,82110944,,,0
SPY,5y,14,Piercing Pattern,100,3.0955,0.8188,83367923.0,82096837,0.14,0.86,8
SPY,5y,14,Rickshaw Man,100,1.1029,0.7957,78514424.0,82546498,0.46,0.14,118
SPY,5y,14,Rising/Falling Three Methods,-100,,0.8339,,82110944,,,0
SPY,5y,14,Rising/Falling Three Methods,100,,0.8339,,82110944,,,0
SPY,5y,14,Separating Lines,-100,9.2371,0.8283,93951400.0,82095888,1.0,1.0,1
SPY,5y,14,Separating Lines,100,3.3081,0.8304,69386493.0,82130662,0.51,0.53,2
SPY,5y,14,Shooting Star,100,,0.8339,,82110944,,,0
SPY,5y,14,Short Line Candle,100,0.32,0.8792,76646065.0,82616496,0.16,0.02,96
SPY,5y,14,Spinning Top,100,0.9392,0.8142,83471991.0,81964593,0.78,0.63,127
SPY,5y,14,Stalled Pattern,100,,0.8339,,82110944,,,0
SPY,5y,14,Stick Sandwich,100,4.5558,0.8286,79107150.0,82112215,0.24,0.27,2
SPY,5y,14,Takuri (Dragonfly Doji with very long lower shadow),100,-0.4182,0.8523,80932928.0,82171380,0.31,0.87,23
SPY,5y,14,Tasuki Gap,-100,3.4081,0.8333,66709964.0,82121329,1.0,1.0,1
SPY,5y,14,Tasuki Gap,100,1.06,0.8286,76004912.0,82151951,0.88,0.44,8
SPY,5y,14,Thrusting Pattern,-100,1.0138,0.8337,85261336.0,82083737,0.88,0.74,10
SPY,5y,14,Thrusting Pattern,100,,0.8339,,82110944,,,0
SPY,5y,14,Tristar Pattern,-100,3.7007,0.832,82196457.0,82111350,1.0,1.0,1
SPY,5y,14,Tristar Pattern,100,2.2799,0.8332,45348143.0,82139912,1.0,1.0,1
SPY,5y,14,Unique 3 River,100,-0.0117,0.8356,80516829.0,82111812,1.0,1.0,1
SPY,5y,14,Upside Gap Two Crows,100,,0.8339,,82110944,,,0
SPY,5y,14,Upside/Downside Gap Three Methods,-100,2.1045,0.8273,83738530.0,82102577,0.19,0.87,4
SPY,5y,14,Upside/Downside Gap Three Methods,100,5.0719,0.8314,75865371.0,82114042,1.0,1.0,1
